period,crude_stocks,spr_stocks,refinery_inputs,distillate_stocks,distillate_supplied,gasoline_stocks,gasoline_supplied,refinery_utilization,opec_surplus_capacity,world_liquids_demand,oecd_stocks,oecd_consumption,gas_production,gas_pipe_imports,gas_pipe_exports,gas_lng_exports,crude_days,spr_days,distillate_days,gasoline_days,oecd_days,spare_capacity_pct,uncommitted_share,storage_dev_pct,spare_capacity_pct_score,crude_days_score,spr_days_score,oecd_days_score,distillate_days_score,gasoline_days_score,storage_dev_pct_score,uncommitted_share_score,inventory_cover,refining,spare_capacity,storage_adequacy,uncommitted_share_final,oil_subindex,gas_subindex,headline
2009-01-01,315732.4,702418.4,14346.0,142697.6,4106.4,217000.4,8810.8,83.82000000000001,3.390484,84.26039802,2717.354,47.41802067,1781981.0,329817.0,111138.0,1851.0,22.00839258329848,48.962665551373206,34.750048704461335,24.62890997412267,57.30635656243641,4.023816739146231,,,75.29770923932789,25.041962916492402,100.0,33.16472851522758,61.4585362685889,30.240916451022258,,,49.966203721165236,45.84972635980558,75.29770923932789,,,57.03676095809154,,
2009-02-01,332552.75,704214.75,14137.75,141811.75,4056.5,216768.75,9032.0,82.1,3.49,85.66704993,2727.394,47.67722044,1624266.0,293657.0,100433.0,2763.0,23.35034888313512,49.44677228244174,34.74543360815397,24.297615845046742,57.20539022261843,4.073911734852243,,,75.92389668565303,31.751744415675596,100.0,32.53368889136521,61.439306700641524,27.480132042056187,,,52.4608044336798,44.459719371348854,75.92389668565303,,,57.613491321481334,,
2009-03-01,336642.5,708387.25,14147.25,144751.25,3771.5,214897.5,9038.0,82.125,3.49,85.87605885,2736.306,47.2008548,1786352.0,293580.0,100759.0,2940.0,23.689979123173277,49.85015012549553,36.38672660544309,23.98338219100622,57.971534871440504,4.063996469721549,,,75.79995587151936,33.44989561586638,100.0,37.32209294650315,68.27802752267954,24.792277387577766,,,54.5765861302975,46.53515245512865,75.79995587151936,,,58.96932127774544,,
2009-04-01,349523.0,714789.5,14281.0,141711.0,3681.75,215968.25,9063.75,82.075,3.54,85.05505115,2734.18,45.94252457,1698876.0,265807.0,78099.0,1917.0,24.565856058476243,50.23822743885297,36.29857551317066,24.03349047352102,59.51305518341914,4.162010312305832,,,77.0251289038229,37.82928029238121,100.0,46.95659489636963,67.91073130487776,25.279087279341834,,,59.21869058586337,46.5949092921098,77.0251289038229,,,60.94480779390184,,
2009-05-01,350304.8,720395.2,14549.0,148105.2,3560.6,206261.8,9124.8,84.44,3.54,84.09680075,2740.751,44.37921084,1756127.0,217001.0,75158.0,1914.0,24.533295981791124,50.45225947649479,39.31035443768725,22.754555822006118,61.757542509739686,4.209434804212811,,,77.61793505266013,37.66647990895562,100.0,58.78771254869843,79.67983727745447,9.431947775076477,,,62.70290572819178,44.555892526265474,77.61793505266013,,,61.62387080051485,,
2009-06-01,337431.5,722546.0,14862.5,151711.5,3399.0,206706.5,9169.25,86.475,3.59,86.88959261,2751.597,46.13962133,1707221.0,231217.0,64344.0,1915.0,23.33561261934915,49.968819021520666,42.10451090519918,22.717621263991997,59.63631518169636,4.131680092129736,,,76.6460011516217,31.678063096745745,100.0,47.72696988560226,89.65896751856849,8.970265799899968,,,56.98931620437897,49.314616659234225,76.6460011516217,,,60.982144468943716,,
2009-07-01,328149.8,723961.0,14778.4,160527.2,3324.8,213808.6,9203.4,85.92,3.62,87.0525883,2757.839,45.9316101,1741332.0,272463.0,72436.0,3837.0,22.448759981460864,49.52624296872461,45.976077874002506,23.39185803529425,60.04228882888649,4.158405936793955,,,76.98007420992444,27.243799907304318,100.0,50.211444144432456,100.0,17.398225441178106,,,55.96095320625146,58.699112720589056,76.98007420992444,,,63.879528618855815,,
2009-08-01,327665.25,724093.0,14575.75,162457.75,3393.25,208706.0,9184.75,84.7,4.02,85.84040072,2766.597,45.52401331,1755132.0,302255.0,76830.0,1925.0,22.303182216141572,49.28681976630906,47.51042759538371,22.758286035188732,60.77225619719862,4.683109545483957,,,83.53886931854946,26.51591108070786,100.0,53.86128098599311,100.0,9.47857543985915,,,56.764748728081074,54.73928771992958,83.53886931854946,,,65.01327442076648,,
2009-09-01,318124.75,724714.75,14869.5,168795.0,3387.25,209853.5,9050.0,86.075,4.52,86.82688716,2770.985,46.29483706,1651952.0,274840.0,79940.0,3845.0,21.536332964662616,49.061565189134846,49.99740823293322,22.930172588055967,59.85516260503715,5.205760735923635,,,90.07200919904543,22.102081029141353,100.0,49.094766281482194,100.0,11.62715735069959,,,53.5692622961012,55.813578675349795,90.07200919904543,,,66.48388291969398,,
2009-10-01,319911.4,725084.0,14189.4,169489.2,3555.6,209466.8,9069.6,81.88,4.52,86.98172151,2722.653,46.56521066,1729056.0,246067.0,76165.0,1927.0,21.906844446574866,49.65219244672209,49.62753552108573,22.950392724832398,58.469680721079335,5.196494069711359,,,89.95617587139199,24.41777779109291,100.0,40.43550450674584,100.0,11.87990906040497,,,51.89776246846092,55.939954530202485,89.95617587139199,,,65.93029848904249,,
2009-11-01,319976.0,725211.25,13858.5,166922.0,3596.25,211021.25,8973.5,79.825,4.52,85.61290983,2732.297,46.13207789,1674378.0,258186.0,94961.0,1931.0,22.261852064115466,50.455489045216694,47.92357355363596,23.267227798780798,59.227702825679074,5.279577588211032,,,90.9947198526379,26.30926032057733,100.0,45.173142660494214,100.0,15.840347484759976,,,54.07564692637919,57.92017374237999,90.9947198526379,,,67.66253917315588,,
2009-12-01,312465.25,726128.25,13845.25,163074.25,3689.0,216460.25,9023.5,80.35,4.62,88.71594542,2649.98,47.79325808,1717182.0,314512.0,108739.0,6589.0,22.01907416232329,51.169439763647404,45.84568565022737,23.97349141392047,55.44673258232911,5.207632041937834,0.9551751669933571,,90.09540052422292,25.095370811616444,100.0,21.542078639556948,100.0,24.66864267400588,,100.0,46.50077191651366,62.33432133700294,90.09540052422292,,100.0,66.30976700825428,,
2010-01-01,308210.8,726615.8,13741.2,158126.2,3673.4,225636.6,8663.0,79.16,4.9499,84.21089187,2701.626,45.58639556,1737233.0,328175.0,91632.0,1939.0,22.15974842880343,52.24224242756499,43.57819384398092,25.260467511531058,59.263865168812664,5.877980733942796,0.9559013332863143,,98.47475917428496,25.798742144017144,100.0,45.39915730507915,94.92212087136042,35.50389592942548,,100.0,53.9392440491306,65.21300840039295,98.47475917428496,,100.0,72.5416042750554,,
2010-02-01,315416.25,726611.5,13885.75,153483.0,3743.5,231405.75,8808.25,80.5,4.8998,88.9458122,2687.072,47.64769123,1602690.0,278308.0,82732.0,5088.0,22.802259866584013,52.52863238672202,41.75797417384533,26.097227802330252,56.39458976153209,5.508747268485789,0.9564779981427807,,93.85934085607236,29.011299332920064,100.0,27.466186009575555,88.42133633516188,42.4768983527521,,100.0,49.844375536040694,65.449117343957,93.85934085607236,,100.0,69.71718439596654,,
2010-03-01,327313.75,726607.5,14035.25,147003.5,3715.5,226422.25,8997.0,81.25,4.81,88.61965484,2668.572,47.45474312,1775686.0,281677.0,97639.0,1935.0,23.587013995418634,52.361079458703294,39.67331021361005,25.51829650552593,56.23404162681726,5.4276898377502185,0.9566099502241494,,92.84612297187773,32.935069977093164,100.0,26.46276016760787,80.97610790575018,37.65247087938276,,100.0,51.11285604111963,59.31428939256647,92.84612297187773,,100.0,67.75691178851369,,
2010-04-01,336243.0,726602.8,14839.4,149112.6,3635.6,223452.8,9225.0,86.92,5.1099,87.72203048,2714.324,46.38300114,1726918.0,256909.0,72086.0,3852.0,23.80414005975052,51.439449502314986,40.388028169014085,25.041463021719792,58.51980107555413,5.825104562718735,0.9568158804409218,,97.81380703398419,34.0207002987526,100.0,40.7487567222133,83.52867203219316,33.67885851433161,,100.0,55.832907136165026,58.60376527326238,97.81380703398419,,100.0,70.74894517501642,,
2010-05-01,342737.0,726597.0,15104.5,153032.5,4007.0,221144.25,9126.25,87.9,5.1997,86.15899619,2744.411,45.24014794,1796596.0,260993.0,83795.0,1930.0,23.692221018268413,50.22713251038194,40.534115590401015,24.46522755244562,60.66317474557755,6.035005315676486,0.9566066236923925,,100.0,33.46110509134206,100.0,53.31587372788775,84.05041282286076,28.876896270380154,,100.0,59.37920415490315,56.46365454662046,100.0,,100.0,71.94607117067247,,
2010-06-01,342680.25,726593.75,15146.25,156935.25,3770.5,218252.25,9308.75,88.7,5.1303,90.44004179,2748.335,47.25545107,1716613.0,249738.0,85009.0,5031.0,23.18328501794491,49.156115645729244,41.493661012915936,23.815615025779525,58.15911048926107,5.672597998033278,0.9556642100880579,,95.90747497541597,30.916425089724555,100.0,38.494440557881674,87.47736076041406,22.695187822244066,,100.0,53.91490220325432,55.08627429132906,95.90747497541597,,100.0,68.30156216237992,,
2010-07-01,336098.0,726590.2,15450.2,165222.2,3579.4,221568.8,9414.6,90.72,5.0304,88.43698803,2756.505,47.02434274,1805745.0,292383.0,82009.0,3842.0,22.20654489113459,48.00700359347113,44.0812939803235,23.905185760601597,58.61868214173364,5.688117734508965,0.9554212535113891,,96.10147168136206,26.032724455672955,100.0,41.36676338583527,96.71890707258393,23.814822007519965,,100.0,52.82311879801976,60.26686454005195,96.10147168136206,,100.0,69.72953864443127,,
2010-08-01,336686.75,726584.75,15004.0,174640.5,3657.25,224437.25,9364.0,88.2,5.0199,89.74011439,2790.554,47.57970733,1826614.0,283321.0,82235.0,1928.0,22.185126583581734,47.87647465322021,46.52690961526294,24.124218027817786,58.650087539325774,5.593819479863937,0.9552939801971055,,94.92274349829921,25.925632917908672,100.0,41.56304712078609,100.0,26.035150231814885,,100.0,52.83916730339929,63.01757511590744,94.92274349829921,,100.0,70.25910441384964,,
2010-09-01,337836.5,726422.25,14907.75,174449.25,3840.5,224569.25,9128.0,87.35,5.0299,90.93730278,2736.985,48.10510427,1772370.0,252926.0,72811.0,6664.0,22.333270531927905,48.02140866857715,46.99713422662846,24.137271314121726,56.89593737575325,5.531173507717269,0.9556542854539041,,94.13966884646587,26.666352659639525,100.0,30.599608598457806,100.0,26.14392761768105,,100.0,49.84642364339315,63.07196380884052,94.13966884646587,,100.0,69.01875736073744,,
2010-10-01,342646.2,726495.6,14016.2,169609.2,3910.4,216928.2,9013.0,82.6,5.0399,88.30080411,2754.127,46.76952122,1862916.0,260680.0,88069.0,7906.0,23.082308896454336,48.9402650638324,45.26669135382368,23.5027681773367,58.88721817452036,5.707649042155478,0.9551899376432971,,96.34561302694348,30.41154448227168,100.0,43.04511359075227,100.0,18.78460221670877,,100.0,55.078151870134356,59.39230110835439,96.34561302694348,,100.0,70.2709340297214,,
2010-11-01,339165.5,726549.25,14182.75,158750.5,3911.5,209440.0,8926.0,83.625,4.9901,90.5734998,2727.333,47.65251315,1802484.0,241582.0,113969.0,9567.0,23.346165164074772,50.01139205000111,41.450163678674116,22.995800279981335,57.233770471138314,5.509448139929336,0.9543043474721316,,93.86810174911669,31.730825820373862,100.0,32.71106544461446,87.32201313812185,12.447503499766688,,100.0,52.505649961533884,49.884758318944264,93.86810174911669,,100.0,65.41794986869584,,
2010-12-01,322105.6,726546.8,14944.0,161059.6,3842.0,215782.6,9197.0,87.8,4.9397,92.13836898,2664.244,48.566349,1889640.0,323054.0,120010.0,15111.0,22.19477801301276,50.06291397002965,41.551972343334796,23.801301566291638,54.85781935141964,5.361175864825907,0.9538364502355732,,92.01469831032384,25.97389006506379,100.0,17.861370946372766,87.68561551190999,22.516269578645478,,100.0,45.747967309937344,55.10094254527773,92.01469831032384,,100.0,64.28695069582865,,
2011-01-01,316555.25,726544.25,14374.0,165072.75,3695.25,229299.75,8693.75,83.925,4.439021,87.94484067,2724.459761,46.18210197,1860566.0,331655.0,121333.0,14388.0,22.01474521858339,50.52731412218485,42.990074320519035,25.598811043895086,58.99384490489011,5.047505875480256,0.9523700730573418,,88.0938234435032,25.073726092916946,100.0,43.711530655563195,92.8216940018537,38.32342536579239,,100.0,53.142949633835734,65.57255968382304,88.0938234435032,,100.0,68.93610786526366,,
2011-02-01,324369.0,726543.25,13885.0,161189.75,3753.0,238748.25,8899.25,81.55000000000001,4.01938,90.53594609,2652.434502,47.82447254,1647326.0,279147.0,119966.0,5049.0,22.60972453962874,50.64276410084385,42.41347213314256,26.73852055101355,55.46186630247778,4.439540506932366,0.9509574720297849,,80.49425633665459,28.0486226981437,100.0,21.636664390486125,90.76240047550915,47.82100459177959,,100.0,47.710448396403315,69.29170253364437,80.49425633665459,,100.0,65.83248171224523,,
2011-03-01,330209.5,726542.0,14201.5,153439.25,3881.0,222752.5,8990.5,83.4,4.120202,89.11336042,2632.445624,47.08027985,1907851.0,276870.0,139347.0,5013.0,23.009311116724298,50.62613558170527,40.45526901211173,24.902111485306243,55.91397571100037,4.6235513738692875,0.949411225249998,,82.79439217336609,30.04655558362149,100.0,24.462348193752305,83.76881790039903,32.51759571088536,,100.0,49.357326691574286,58.143206805642194,82.79439217336609,,100.0,63.43111304668573,,
2011-04-01,338591.0,726542.0,14125.6,148871.2,3842.8,208916.8,9037.4,82.76,4.01961,87.53105986,2660.207001,44.95782162,1868299.0,244811.0,118630.0,7743.0,23.934570504063718,51.35833711812619,39.248802897433116,23.460024873038016,59.171172115167096,4.5922099040376,0.9476592329104365,,82.40262380047,34.672852520318585,100.0,44.81982571979435,79.46001034797541,18.2503109129752,,100.0,57.31508872406574,48.855160630475304,82.40262380047,,100.0,62.85622413862822,,
2011-05-01,349066.25,726542.0,14536.75,142157.25,3804.75,208441.5,9082.5,84.3,4.020302,87.72839526,2679.375299,44.76888307,1934850.0,236032.0,123355.0,8442.0,24.60428713533402,51.211046567463484,37.21016519921081,23.15396011902365,59.849053969261774,4.582669029890562,0.9460642313989966,,82.28336287363203,38.021435676670094,100.0,49.05658730788609,71.7090216633784,14.424501487795638,,100.0,59.925550463033865,43.066761575587016,82.28336287363203,,100.0,61.756689124411444,,
2011-06-01,342393.25,726536.5,15126.5,141498.25,3594.25,214332.75,9278.25,87.65,3.319843,89.67683273,2670.030582,46.42699102,1862207.0,239270.0,117541.0,1929.0,23.617257009140314,50.114303500496206,37.42646864337292,23.560395892675324,57.510308623054925,3.702007418120375,0.9451891483558665,,70.03345696867291,33.08628504570157,100.0,34.43942889409328,72.61028601405384,19.504948658441545,,100.0,53.56634268650861,46.057617336247695,70.03345696867291,,100.0,56.55142284497698,,
2011-07-01,332905.0,724723.4,15400.6,147929.6,3585.0,213070.2,9113.4,88.86,3.120261,89.37617817,2685.458585,46.20594818,1936850.0,273250.0,110687.0,2593.0,22.49759036449908,48.976525377411015,39.908705856961724,23.342772355597063,58.119326423916704,3.491155097351597,0.9443513722895421,,66.51925162252661,27.487951822495393,100.0,38.2457901494794,81.81680663200616,16.784654444963287,,100.0,52.46891777384198,49.30073053848473,66.51925162252661,,100.0,56.095620421340456,,
2011-08-01,331194.5,709249.0,15537.5,154310.0,3858.75,210937.25,9169.25,89.65,2.970042,91.18434236,2685.716597,47.73205147,1959548.0,250028.0,109478.0,1926.0,21.860536110169164,46.81407262379469,41.58528574556602,23.02594737387906,56.266523526398096,3.257184208527969,0.9435010181776337,,62.61973680879949,24.128350688557276,100.0,26.6657720399881,87.80459194845007,12.824342173488246,,100.0,47.65107188741934,50.31446706096916,62.61973680879949,,100.0,53.52810385657685,,
2011-09-01,321211.4,696144.6,15212.4,157493.4,3860.8,212458.0,8917.0,87.96000000000001,3.170345,90.34952054,2652.44943,47.01600353,1893345.0,231467.0,116779.0,9965.0,20.967828059467664,45.44247270590923,42.283512766128815,23.29717445357326,56.41588461059911,3.5089782226308652,0.9418750757406341,,66.81630371051442,18.548925371672897,100.0,27.59927881624442,90.29825987903149,16.21468066966574,,100.0,45.699353793542485,53.256470274348615,66.81630371051442,,100.0,55.257175835569996,,
2011-10-01,314852.25,695952.25,14575.25,147774.25,4218.5,206764.5,8656.75,84.35,3.419982,89.39854194,2627.968766,46.2768108,2018734.0,251450.0,106643.0,2870.0,20.73929099270079,45.84231565686714,38.078663664679304,23.065840407849088,56.7880266718812,3.825545613814739,0.9416802961578576,,72.09242689691231,17.120568704379945,100.0,29.92516669925749,75.28094165956894,13.323005098113594,,100.0,45.82577749152922,44.30197337884127,72.09242689691231,,100.0,54.07241544717324,,
2011-11-01,312900.5,695950.75,14593.75,135263.5,3965.0,207201.75,8664.25,84.375,3.070445,91.38404096,2638.85365,46.73721026,1978161.0,233640.0,122730.0,4869.0,20.888267307977948,46.45951444368972,34.02202722119342,23.407833141517628,56.46151396970436,3.3599356821438593,0.941900877933324,,64.33226136906433,18.051670674862173,100.0,27.884462310652268,58.425113421639246,17.59791426897035,,100.0,45.58600696314055,38.0115138453048,64.33226136906433,,100.0,49.3087975511485,,
2011-12-01,307738.8,695951.0,14769.8,141121.0,3921.0,218025.0,8719.6,85.38,3.069682,91.02017573,2584.067622,47.24026207,2034141.0,272133.0,129159.0,5215.0,20.810316612342607,47.062510988788055,35.35693034268069,24.9473648076527,54.7005352800745,3.3725291951817673,0.9421385231386918,,64.54215325302945,17.564478827141293,100.0,16.878345500465606,63.987209761169545,32.894706730439175,,100.0,42.089295180996196,48.44095824580436,64.54215325302945,,100.0,51.69047724221192,,
2012-01-01,309300.25,695951.0,14511.25,146629.75,3634.0,227150.0,8072.75,83.325,2.720259,87.88118728,2639.664407,45.3006579,2046268.0,265323.0,124265.0,6199.0,21.166808240540426,47.6270593438329,37.26651205642215,26.634733909158733,58.26989119731968,3.0953826230555217,0.9426038429056331,,59.92304371759203,19.792551503377666,100.0,39.186819983248,71.9438002350923,46.956115909656106,,100.0,49.67306659632547,59.4499580723742,59.92304371759203,,100.0,56.34899958895826,,
2012-02-01,315370.25,695951.0,14653.0,143812.5,3561.0,231351.5,8299.25,83.975,2.519564,92.03534668,2624.378678,47.76237509,1876815.0,249762.0,128295.0,1880.0,21.553535243081065,47.56379019884567,38.14402227968968,27.41468515827627,54.946569827292066,2.737604725671687,0.942843969529752,,53.96007876119478,22.209595269256653,100.0,18.416061420575414,75.514365284606,53.455709652302254,,100.0,44.40865653387528,64.48503746845412,53.96007876119478,,100.0,54.285610965829456,,
2012-03-01,325457.4,695951.0,14523.2,136527.6,3557.4,225968.4,8509.8,83.8,2.539182,90.07754279,2635.658445,45.94191037,2013944.0,245881.0,138549.0,2615.0,22.26977149968567,47.62119326516386,37.217713685989615,26.899879171701183,57.36936979270851,2.8188846202428697,0.9431274563280446,,55.31474367071449,26.348857498428355,100.0,33.558561204428194,71.7404736916234,49.165659764176525,,100.0,50.607111360699804,60.45306672789996,55.31474367071449,,100.0,55.45880672905223,,
2012-04-01,344968.0,695951.0,14498.25,127702.25,3823.5,213263.0,8661.0,84.775,2.538975,88.42449612,2655.7926,44.85447015,1943437.0,235466.0,123132.0,18.0,23.714967766994295,47.84343919554117,35.044765674846836,25.43174690246491,59.20909535033267,2.871347999036808,0.9433904581685327,,56.18913331728014,33.57483883497147,100.0,45.05684593957917,62.68652364519515,36.931224187207576,,100.0,56.94698931586234,49.808873916201364,56.18913331728014,,100.0,54.31454823728792,,
2012-05-01,357930.75,695951.0,14985.5,119462.5,3768.25,203152.5,8849.75,87.975,2.739122,90.55100343,2662.212852,45.63222703,2016486.0,242811.0,130168.0,2811.0,24.40716366106688,47.456637791201665,32.48437303494526,23.67758553371523,58.340629534687864,3.024949361403228,0.943534344982241,,58.74915602338714,37.03581830533439,100.0,39.62893459179915,52.01822097893857,20.969819171440385,,100.0,56.7030076996735,36.49402007518948,58.74915602338714,,100.0,50.647312461964276,,
2012-06-01,359457.6,695951.0,15594.4,119558.4,3649.0,203573.0,8863.6,91.9,2.459075,90.92000865,2665.625895,46.05633935,1939055.0,251476.0,122741.0,2399.0,24.12412470522899,46.70706284337519,32.31712072117122,23.342750217505657,57.87750248109982,2.7046576837297738,0.9435102819557072,,53.41096139549623,35.62062352614495,100.0,36.73439050687386,51.32133633821342,16.784377718820707,,100.0,55.268566562520135,34.05285702851707,53.41096139549623,,100.0,47.576109201714445,,
2012-07-01,351334.25,695950.75,15669.75,123486.75,3459.5,207887.25,8756.25,92.475,2.469942,91.77097342,2697.873593,46.06080954,2055476.0,265808.0,118355.0,12.0,23.133919032592072,45.82550178689304,33.601265284604004,23.670219125207087,58.57199688722622,2.691419637335694,0.9435548737974473,,53.19032728892823,30.66959516296036,100.0,41.074980545163875,56.671938685850016,20.877739065088583,,100.0,54.5903322287333,38.7748388754693,53.19032728892823,,100.0,48.85082509831805,,
2012-08-01,337643.6,695950.0,15348.8,125225.6,3540.8,202524.6,9093.8,90.74,2.369723,91.68211571,2697.921455,46.78217835,2045359.0,262250.0,136793.0,2455.0,21.92546078675681,45.19269559542489,34.742546410451155,22.77899188491539,57.66985527727142,2.584716748352185,0.9427245200807721,,51.41194580586975,24.534129917230054,100.0,35.43659548294635,61.42727671021315,9.737398561442356,,100.0,50.44463061177593,35.582337635827756,51.41194580586975,,100.0,45.81194828778627,,
2012-09-01,337531.0,694951.5,14676.75,127147.25,3687.5,196448.75,8682.5,87.30000000000001,2.5992,90.20364024,2709.462514,45.1723165,1990747.0,246489.0,137362.0,12.0,22.028562711189647,45.3551901869319,35.47437363986385,22.200013278280263,59.98059705439281,2.881480163200119,0.9425691943312048,,56.358002720001984,25.142813555948234,100.0,49.87873158995506,64.47655683276604,2.500165978503288,,100.0,55.02074489936581,33.48836140563466,56.358002720001984,,100.0,48.28755627417388,,
2012-10-01,344173.75,694952.0,14805.0,118872.25,3692.5,197651.25,8663.25,87.25,2.599342,92.8772165,2672.784735,46.6040756,2061550.0,243051.0,135559.0,4371.0,22.75517642061279,45.94701183299918,33.065304618123406,22.463049568414412,57.35087973722195,2.7986863710541976,0.9415164515194205,,54.97810618423663,28.775882103063957,100.0,33.4429983576372,54.43876924218086,5.788119605180153,,100.0,51.543252348516745,30.113444423680505,54.97810618423663,,100.0,45.543391169821774,,
2012-11-01,347231.4,694952.0,14954.2,114705.2,3855.4,204214.8,8578.8,87.62,2.8192,92.74594319,2667.04977,46.55424808,1997917.0,219643.0,142292.0,7.0,23.23210517732365,46.49694110956389,31.05133931592696,23.32660448022251,57.289074144573746,3.0397016872474594,0.9409849004977113,,58.99502812079099,31.16052588661825,100.0,33.05671340358592,46.61192612831057,16.58255600278138,,100.0,52.38122437572307,31.597241065545976,58.99502812079099,,100.0,47.65622512834117,,
2012-12-01,341113.0,694952.0,15407.5,119596.25,3670.25,221303.5,8558.0,90.65,3.119182,91.7082939,2639.698356,45.98392583,2046213.0,235180.0,153018.0,5520.0,22.8003565970879,46.45133260198067,32.094205888371185,25.67136131173594,57.404806317729744,3.4011994633780884,0.9400354276774683,,65.01999105630148,29.001782985439508,100.0,33.780039485810896,50.39252453487994,38.92801093113283,,100.0,51.73472503991907,44.660267733006386,65.01999105630148,,100.0,53.80408013705463,,
2013-01-01,335311.0,695236.5,14761.25,131683.75,3406.25,233409.5,8315.5,86.4,3.269742,92.03624345,2650.010869,45.80610357,2023011.0,264580.0,154430.0,13.0,22.38094244839011,46.404824460039094,36.017546018981974,27.366933846882144,57.852789529463145,3.552667815887481,0.9390930516508964,8.926330076808718,67.54446359812468,26.90471224195054,100.0,36.579934559144654,66.73977507909156,53.057782057351204,61.90177343574496,100.0,51.73586526452361,59.89877856822138,67.54446359812468,61.90177343574496,100.0,59.726386384565686,80.95088671787248,70.33863655121908
2013-02-01,346048.0,695928.5,14357.0,125824.0,3719.0,231530.5,8463.25,84.0,3.269713,92.09625926,2619.99081,46.52086159,1832561.0,225497.0,132981.0,22.0,23.271573025868378,46.80087996039001,34.35256537141063,27.30670739528034,56.31862180650553,3.550321181633626,0.9388328185130714,10.640152814108884,67.5053530272271,31.35786512934189,100.0,26.99138629065958,59.80235571421095,52.55589496066951,64.18687041881185,100.0,50.64056193893463,56.179125337440226,67.5053530272271,64.18687041881185,100.0,58.108153845724274,82.09343520940592,70.1007945275651
2013-03-01,355997.6,695969.0,14485.0,117758.8,3777.6,223383.8,8447.4,83.74,3.270182,90.78603583,2638.227856,45.13818073,2023443.0,239999.0,148521.0,23.0,24.131033752324786,47.17574340268511,32.32223754726174,26.448355219829416,58.44781099577116,3.602075991205883,0.9385667678961688,-2.037681341690032,68.36793318676472,35.655168761623926,100.0,40.29881872356973,51.342656446923925,45.40296016524513,48.64154577220664,100.0,56.35171312172049,48.37280830608453,68.36793318676472,48.64154577220664,100.0,57.6965524038667,74.32077288610333,66.00866264498501
2013-04-01,361220.75,695969.0,14846.5,114757.0,3682.75,219469.75,8506.25,85.25,2.969945,91.52547489,2648.831976,45.87758457,1983451.0,215438.0,125749.0,21.0,24.720088623133545,47.62853562247914,31.471314172882845,26.024801081452846,57.73695369594738,3.2449380935410956,0.9385150662570085,-16.165467504440354,62.41563489235159,38.60044311566773,100.0,35.85596059967111,48.11183633172445,41.87334234544039,38.44604332741286,100.0,56.19696542616842,44.99258933858242,62.41563489235159,38.44604332741286,100.0,54.53410897164609,69.22302166370643,61.87856531767626
2013-05-01,366023.6,695969.0,15234.6,120035.4,3805.6,218274.6,8670.8,87.42,2.870245,91.81424693,2627.036702,45.59193177,2042563.0,228558.0,142032.0,15.0,24.84754535996918,47.245918833191055,32.041588393688336,25.613297465068047,57.620649093193705,3.126143377495979,0.9382054443477869,-13.591600791676623,60.43572295826631,39.23772679984589,100.0,35.12905683246066,50.1732849737014,38.44414554223373,40.938932805548916,100.0,56.23380776967655,44.30871525796756,60.43572295826631,40.938932805548916,100.0,53.65848025862974,70.46946640277446,62.0639733307021
2013-06-01,362836.0,695969.0,15640.5,121923.25,4109.25,223079.0,8919.0,89.8,2.570375,92.29562649,2633.008865,45.40876594,1973764.0,228644.0,133778.0,12.0,24.106061461700214,46.238718014304084,31.719457307872418,25.831698918318814,57.98459417459341,2.784936944199077,0.9379117257596621,-9.111497613450306,54.74894906998461,35.53030730850107,100.0,37.40371359120882,48.99806181383006,40.264157652656785,43.9256682576998,100.0,55.43323700076307,44.63110973324342,54.74894906998461,43.9256682576998,100.0,51.60373460244356,71.96283412884989,61.78328436564672
2013-07-01,338944.75,695969.0,16087.75,125981.5,3986.5,222817.25,9039.25,92.2,2.369253,94.2719483,2647.991873,46.82380404,2079830.0,228087.0,128589.0,8.0,21.934852898469245,45.03972295453681,32.335906468772656,25.3667678943968,56.55225856356971,2.5132110269540275,0.9375011531183383,-7.3369635710906245,50.220183782567126,24.59283061543278,100.0,28.451616022310677,51.39961028655273,36.38973245330668,45.10869095260625,100.0,48.37261705286632,43.8946713699297,50.220183782567126,45.10869095260625,100.0,47.495463953184526,72.55434547630313,60.024904714743826
2013-08-01,332419.8,695969.0,15811.8,128582.6,3748.6,219646.2,9152.2,90.84,2.1703,92.23642222,2646.115106,46.35761127,2075354.0,227439.0,130312.0,9.0,21.181785959778352,44.34713694142461,32.864667299256546,24.554335021834063,57.080488694472805,2.3529750479950913,0.9378214294585503,-3.6574715865730973,47.54958413325152,19.886162248614703,100.0,31.753054340455034,53.602780413568944,29.619458515283863,47.561685608951265,100.0,47.48038120158239,41.6111194644264,47.54958413325152,47.561685608951265,100.0,45.5466346755399,73.78084280447564,59.66373874000777
2013-09-01,330400.5,695969.0,15760.5,130825.75,3746.5,217407.0,8751.5,91.075,2.270845,92.45426626,2669.911991,45.93160621,2003186.0,226931.0,122410.0,12.0,20.87820721936855,43.978701606858074,33.56475112004797,24.2493227501572,58.12799096972838,2.456181950126484,0.9383602918975009,-3.453260019116277,49.269699168774736,17.988795121053446,100.0,38.299943560802376,56.51979633353322,27.077689584643345,47.69782665392248,100.0,48.68550111666209,41.79874295908829,49.269699168774736,47.69782665392248,100.0,46.58416915769613,73.84891332696124,60.21654124232869
2013-10-01,348118.0,695969.0,14912.5,124691.25,3760.75,216620.75,8943.5,86.35,2.569323,92.41629072,2632.342831,46.45435035,2076228.0,214871.0,122381.0,16.0,22.25371988196102,44.490371576673795,32.72231644070632,24.145129986387623,56.66515215834893,2.780162436712002,0.9389808514948581,-2.7803730938553457,54.669373945200036,26.26859940980509,100.0,29.15720098968082,53.00965183627634,26.20941655323019,48.14641793742977,100.0,49.254600060826284,39.609534194753266,54.669373945200036,48.14641793742977,100.0,47.843679236739305,74.07320896871488,60.95844410272709
2013-11-01,358396.2,695969.0,15516.6,114418.6,4041.8,210224.6,9006.0,89.17999999999999,2.570145,94.01227383,2588.801775,46.97427779,2029834.0,216001.0,110912.0,2747.0,23.121813378407584,44.90021193069834,29.917954718535203,23.45392879854518,55.11105006389497,2.7338398437713867,0.9401079698743865,-3.3002038954226913,53.89733072952311,30.60906689203792,100.0,19.44406289934357,42.56412399476858,18.174109981814766,47.799864069718204,100.0,48.07684562661824,30.369116988291672,53.89733072952311,47.799864069718204,100.0,44.113056583398354,73.8999320348591,59.006494309128726
2013-12-01,339051.0,695969.0,16135.5,116818.0,3719.5,220055.75,8858.25,92.3,2.570023,93.85027302,2544.506709,46.28124789,2062296.0,270453.0,117281.0,26.0,21.760157625098074,44.667012166847705,30.60356091442868,24.753699810879027,54.979215665223926,2.738428900949829,0.9417494482350505,-9.733788538243378,53.97381501583048,23.500985156862964,100.0,18.620097907649537,45.012717551531,31.280831757325227,43.510807641171084,100.0,44.986423435040045,38.146774654428114,53.97381501583048,43.510807641171084,100.0,45.70158214546147,71.75540382058554,58.72849298302351
2014-01-01,323861.0,695969.0,15509.4,119921.8,3797.8,232952.6,8278.0,88.62,2.350023,93.14150285,2553.94831,45.57248732,2070203.0,286787.0,134746.0,29.0,20.86934948609724,44.84769790894739,31.311481509283706,26.55808697263134,56.04145088826809,2.5230675135064136,0.9426256229440748,-15.66688708602743,50.38445855844023,17.93343428810774,100.0,25.25906805167555,47.54100539029895,46.3173914385945,39.11081721863009,100.0,44.751094130745756,46.929198414446724,50.38445855844023,39.11081721863009,100.0,47.354874462682226,69.55540860931504,58.455141535998635
2014-02-01,331104.0,695969.0,15226.0,113331.25,3615.25,231525.25,8325.25,87.325,2.399413,94.42453946,2557.869467,46.64067248,1914141.0,241571.0,135827.0,2694.0,21.2288679623322,44.622336205169304,29.874426252195317,26.868818452165083,54.84203659578109,2.5410904980017786,0.9426287466670437,-31.91937383016661,50.68484163336298,20.180424764576244,100.0,17.762728723631803,42.408665186411845,48.90682043470903,17.440834893111187,100.0,43.40098852292004,45.657742810560435,50.68484163336298,17.440834893111187,100.0,46.58109864412997,58.720417446555594,52.65075804534278
2014-03-01,345435.25,695969.0,15086.25,112536.25,3781.75,219721.75,8794.0,86.325,2.650242,91.87523243,2564.366188,45.45570306,2134549.0,231458.0,149455.0,28.0,22.301558415776068,44.93227980951352,30.18210710526139,25.656814234210565,56.41461940683489,2.884609845225945,0.9428101474610641,-49.86620533963456,56.41016408709908,26.50779207888034,100.0,27.591371292718048,43.50752537593354,38.80678528508804,0.0,100.0,48.88052821936755,41.15715533051079,56.41016408709908,0.0,100.0,48.81518333293763,50.0,49.40759166646882
2014-04-01,362037.25,694754.0,15721.0,113018.0,3958.75,210574.5,8683.75,89.575,2.65008,93.69012501,2578.839863,45.11130982,2116226.0,197634.0,121877.0,25.0,23.53081968358529,45.155936574066935,29.832745462284414,24.71459170798979,57.166149094094294,2.8285585057306135,0.9431916108818156,-55.21612739711461,55.47597509551022,32.65409841792645,100.0,32.28843183808934,42.25980522244434,30.954930899914917,0.0,100.0,52.74816891859738,36.60736806117963,55.47597509551022,0.0,100.0,48.27600371149934,50.0,49.13800185574967
2014-05-01,362402.6,691459.4,15885.6,115466.2,4149.0,212465.2,9099.6,89.67999999999999,2.5499,92.94716603,2643.323914,44.42368253,2174959.0,203841.0,112175.0,1907.0,23.411455477613032,44.66874950035409,29.78860026765991,24.34949831817687,59.502584285193436,2.743386494621024,0.9444316674469306,-44.69076889572216,54.05644157701706,32.05727738806516,100.0,46.89115178245898,42.10214381307111,27.91248598480725,0.4123081390371226,100.0,56.890256489963754,35.00731489893918,54.05644157701706,0.4123081390371226,100.0,48.64997325303103,50.20615406951856,49.42806366127479
2014-06-01,354869.0,690971.75,15708.5,120112.25,3779.5,214117.0,8965.75,88.725,2.600578,93.81029047,2634.98631,45.19078091,2115666.0,191829.0,119828.0,17.0,22.74752068665181,44.29210265483038,30.662390707766928,24.096603841533238,58.308049937170246,2.7721670905940217,0.945148773582177,-32.09149722395793,54.53611817656703,28.737603433259054,100.0,39.425312107314035,45.22282395631046,25.80503201277698,17.21133703472276,100.0,53.32263500549783,35.51392798454372,54.53611817656703,17.21133703472276,100.0,47.789666025629096,58.60566851736138,53.197667271495234
2014-07-01,342269.5,690972.0,16506.75,124679.25,3862.25,216230.0,8947.5,93.175,2.400645,94.16413447,2649.553126,46.20835384,2232675.0,194850.0,124462.0,2827.0,21.451556167676117,43.30629713804911,31.665576684974127,24.229758576447058,57.33926673030341,2.549426077680168,0.9454327481247777,-23.700530713995832,50.82376796133613,21.57222604797573,100.0,33.37041706439629,48.80563101776474,26.91465480372548,28.39929238133889,100.0,48.640015538509175,37.86014291074511,50.82376796133613,28.39929238133889,100.0,45.773850686940854,64.19964619066944,54.98674843880515
2014-08-01,331594.4,690972.0,16399.0,123032.0,3931.6,212423.6,9127.2,92.84,2.450165,94.00901587,2694.304524,45.69828137,2244834.0,204968.0,112513.0,2863.0,20.56404162180222,42.85107639785208,31.301173170677412,23.511157289489084,58.958552558800534,2.606308530437337,0.9462572342157922,-16.468260486000048,51.771808840622285,16.025260136263885,100.0,43.49095349250334,47.50418989527647,18.88946611861355,38.042319351999936,100.0,49.457390102256554,33.19682800694501,51.771808840622285,38.042319351999936,100.0,44.807514465176986,69.02115967599997,56.91433707058847
2014-09-01,327705.5,690971.5,16134.75,127390.25,3775.0,210480.75,8689.75,92.525,2.51076,95.52486522,2705.636285,45.93468606,2171651.0,195856.0,116987.0,2904.0,20.244667871318477,42.68615731517089,33.19972505187854,23.563344173836136,58.90181292337323,2.628383713724752,0.9466114150341468,-11.993918640620127,52.1397285620792,14.02917419574048,100.0,43.136330771082676,54.99885438282724,19.541802172951694,42.00405423958658,100.0,48.552568909621,37.27032827788947,52.1397285620792,42.00405423958658,100.0,45.98667019516603,71.0020271197933,58.49434865747966
2014-10-01,342701.4,690967.8,15339.4,123292.6,3584.6,204922.6,8910.6,87.82000000000001,2.3355,94.06840062,2685.176521,46.49019548,2266298.0,213858.0,112156.0,2904.0,21.292446866180285,42.930653822078014,32.54509039195695,22.976573263387156,57.75790988349701,2.4827678419180503,0.9472299025371758,-8.508100056153893,49.712797365300844,20.57779291362678,100.0,35.98693677185629,52.27120996648728,12.207165792339447,44.3279332958974,100.0,49.0271981970076,32.239187879413365,49.712797365300844,44.3279332958974,100.0,43.65858575991382,72.1639666479487,57.91127620393126
2014-11-01,348156.75,690965.75,15994.5,115241.0,3863.75,205788.75,9219.5,91.55,2.35012,93.97949398,2689.456221,45.63557901,2179157.0,227457.0,120814.0,27.0,21.80488870343593,43.27485041331566,30.416728527642782,22.899097422458865,58.93332087252945,2.5006731793003,0.9472758508675991,-7.391891007045205,50.011219655005,23.780554396474574,100.0,43.333255453309064,44.34545902729565,11.238717780735819,45.07207266196986,100.0,52.51219839458255,27.792088404015733,50.011219655005,45.07207266196986,100.0,43.43693750982637,72.53603633098493,57.98648692040565
2014-12-01,350872.75,690963.0,16411.5,123215.75,4061.25,223480.75,9263.5,94.2,2.400282,97.01616399,2689.015619,47.10539144,2269247.0,245694.0,136932.0,28.0,21.970690425742582,43.26621023901791,32.24572445467988,24.77383613217731,57.08509231740714,2.474105243171035,0.9469236356961612,-4.934110801093128,49.56842071951725,24.81681516089114,100.0,31.781826983794616,51.0238518944995,31.448634434810906,46.71059279927125,100.0,49.46127415949484,41.23624316465521,49.56842071951725,46.71059279927125,100.0,46.75476077427078,73.35529639963562,60.0550285869532
2015-01-01,363976.0,690958.4,15604.4,136103.6,3916.6,239484.8,8799.8,89.66,2.3804,93.39994401,2722.452447,45.83777561,2276791.0,267751.0,141663.0,2832.0,22.981982579266234,43.62813457974611,35.2915429593808,26.46723435764532,59.39320594793583,2.5486096648464147,0.9469318054658312,-0.12531843678648738,50.810161080773575,29.909912896331168,100.0,46.207537174598954,63.71476233075333,45.560286313711,49.91645437547567,100.0,55.826226310912155,54.63752432223217,50.810161080773575,49.91645437547567,100.0,53.758058526681054,74.95822718773783,64.35814285720944
2015-02-01,396376.25,690955.25,15340.5,126576.5,4221.25,241463.25,8659.0,88.175,2.28,96.57932828,2717.070513,47.97654578,2066675.0,241996.0,142190.0,2748.0,25.02734767777569,43.627178145851126,31.52030928508951,26.872694188938784,56.633308397385,2.3607536318640463,0.9469907073808838,0.552595285151749,47.67922719773411,40.136738388878456,100.0,28.958177483656257,48.28681887531968,48.939118241156535,50.73679371353567,100.0,54.742148600648264,48.61296855823811,47.67922719773411,50.73679371353567,100.0,50.34460827091743,75.36839685676783,62.85650256384263
2015-03-01,427918.0,690952.5,15498.5,126102.25,3829.5,234446.75,8957.25,88.575,1.879765,93.78682916,2772.944021,46.38004048,2298208.0,242585.0,163925.0,23.0,27.232117145998163,43.97127352044152,31.469311106397317,26.283599428804454,59.78744288064494,2.0042952905392797,0.9468116580912324,-12.820314039132223,41.738254842321325,51.160585729990814,100.0,48.671518004030865,48.10468252284756,44.02999524003712,41.45312397391185,100.0,65.06568969320558,46.06733888144234,41.738254842321325,41.45312397391185,100.0,50.95660549676399,70.72656198695593,60.841583741859964
2015-04-01,453767.5,690950.0,16055.75,128617.75,3967.5,227751.75,8907.25,91.225,1.8604,95.56184548,2799.892635,45.96584599,2256179.0,202209.0,130283.0,24.0,29.041514964603518,44.22140141105919,32.285901655804736,25.79054052141221,60.91245738431802,1.9468020847183831,0.9467870636226525,-14.765428068574836,40.78003474530639,60.207574823017595,100.0,54.562286921590086,51.1912568991864,39.92117101176843,40.156381287616775,100.0,70.45171600568406,45.55621395547742,40.78003474530639,40.156381287616775,100.0,52.26198425806128,70.07819064380838,61.17008745093483
2015-05-01,449211.4,691469.6,16277.0,129643.6,4008.4,223883.6,9191.8,92.67999999999999,1.6005,92.99273605,2861.774258,44.74903427,2297826.0,202623.0,131477.0,2769.0,28.443815471314316,43.783469668008244,32.35700536294235,25.074251091269005,63.95164286078346,1.7211021720443294,0.9463199139942654,-9.953627312960863,37.01836953407216,57.21907735657158,100.0,69.7582143039173,51.487522345593135,33.95209242724171,43.36424845802609,100.0,73.81509523380382,42.71980738641742,37.01836953407216,43.36424845802609,100.0,51.18357758976463,71.68212422901304,61.43285090938883
2015-06-01,434569.5,693068.75,16480.25,134579.0,3936.0,217599.75,9540.5,94.175,1.4003,97.64616344,2860.354791,46.52134897,2218529.0,203656.0,135382.0,2774.0,27.029038352394206,43.10698708629094,34.19746655316554,23.783472871945087,61.484777512460866,1.434055318374524,0.9459068011081528,-5.105418964426402,32.23425530624207,50.145191761971034,100.0,57.42388756230433,59.15611063818975,22.29341089931358,46.59638735704907,100.0,67.28524297347971,40.724760768751665,32.23425530624207,46.59638735704907,100.0,46.74748401693307,73.29819367852454,60.022838847728806
2015-07-01,429155.4,694849.6,16825.6,141834.2,3734.2,216980.4,9542.2,95.34,1.4603,97.64728813,2868.878653,47.26554808,2299745.0,209779.0,141027.0,2771.0,26.152623608669288,42.343962241729706,36.26058890074843,23.342677523247293,60.69703556899916,1.49548443993229,0.9454975824622185,-2.4877124117420073,33.2580739988715,45.76311804334644,100.0,53.48517784499581,67.75245375311846,16.783469040591157,48.34152505883866,100.0,64.35080057083732,42.26796139685481,33.2580739988715,48.34152505883866,100.0,46.625176223795336,74.17076252941933,60.397969376607335
2015-08-01,422227.75,695133.25,16712.75,148998.25,3700.5,214213.25,9504.5,94.625,1.530223,96.08672657,2929.887034,47.0322081,2302361.0,202649.0,142117.0,2763.0,25.475461418254,41.941441060945216,38.75343810756156,22.680669154821462,62.29533233418399,1.5925435849718739,0.9446012318505703,-1.4060175052260424,34.8757264161979,42.37730709127,100.0,61.476661670919945,77.69085038414842,8.508364435268279,49.062654996515974,100.0,65.39392133778398,43.09960740970835,34.8757264161979,49.062654996515974,100.0,47.789282706798915,74.53132749825798,61.16030510252845
2015-09-01,424510.25,695129.5,16197.0,152087.25,3782.75,218175.0,9059.0,91.175,1.5304,97.36858476,2935.757481,46.87979442,2242155.0,203150.0,159806.0,2767.0,25.64412313714593,41.9918871081739,40.14590736762915,23.181622580765126,62.623087778463855,1.5717595195331457,0.9433064775562144,-0.24415890559025183,34.52932532555243,43.22061568572964,100.0,63.115438892319276,82.66395488438982,14.770282259564071,49.837227396273164,100.0,66.22287794198763,48.71711857197695,34.52932532555243,49.837227396273164,100.0,49.82299668096822,74.91861369813658,62.3708051895524
2015-10-01,441814.2,695127.4,15484.8,144920.4,3979.0,219800.0,9155.8,87.24,1.630223,95.53588469,2939.554686,46.4064793,2300017.0,217576.0,155744.0,2769.0,27.09679140572354,42.632677171089,38.14585643357494,23.595400077828323,63.34362637158729,1.7063986012060657,0.9419136574541733,0.6162371398428623,36.77331002010109,50.483957028617695,100.0,66.71813185793646,75.52091583419622,19.942500972854038,50.82164951979048,100.0,70.20902236882802,47.731708403525126,36.77331002010109,50.82164951979048,100.0,51.57096296696535,75.41082475989523,63.49089386343029
2015-11-01,455785.75,695125.5,16299.5,141801.5,3829.0,215274.5,9161.0,91.575,1.67961,94.98617812,2956.55397,45.82688362,2216479.0,210704.0,152750.0,2969.0,28.180999643707572,42.97925388810872,37.0935011853184,23.34845432385311,64.51571078923826,1.7682677977400867,0.9407793353831796,4.0358727152523475,37.804463295668114,55.90499821853786,100.0,72.57855394619128,71.22292160549334,16.855679048163896,55.381163620336466,100.0,74.13556547127253,44.03930032682862,37.804463295668114,55.381163620336466,100.0,51.99231431698597,77.69058181016823,64.8414480635771
2015-12-01,454872.5,695122.25,16603.25,151453.5,3604.25,219738.0,9305.0,92.225,1.629882,98.74891646,2971.601299,47.4897513,2290495.0,221613.0,158555.0,3172.0,28.17221765886733,43.05192186056882,39.86929911154985,23.962181849905125,62.57352834357757,1.6505315282727306,0.9399395475194441,10.16292517100501,35.84219213787885,55.86108829433664,100.0,62.86764171788786,81.67606825553518,24.527273123814062,63.550566894673345,100.0,71.20472783310102,53.10167068967462,35.84219213787885,63.550566894673345,100.0,53.382835434265104,81.77528344733668,67.57905944080089
2016-01-01,458442.2,695118.4,16096.8,161933.6,3414.6,244057.4,8604.0,89.66,1.5505,93.40715733,3030.698362,45.54486785,2280340.0,261521.0,168470.0,26.0,28.437423964109122,43.118579934511246,43.68658211285607,26.948462145763514,66.5431365830607,1.6599370372895599,0.9391257119202454,10.079586323164584,35.99895062149267,57.18711982054561,100.0,80.51120208235965,95.30922183162883,49.57051788136262,63.43944843088611,100.0,77.02820855292615,72.43986985649573,35.99895062149267,63.43944843088611,100.0,61.82340476298947,81.71972421544305,71.77156448921626
2016-02-01,476630.75,695115.5,15723.75,161915.75,3428.0,256449.0,9255.5,87.5,1.7405,98.39241528,3035.204033,47.79831673,2163435.0,242019.0,159426.0,3309.0,29.456517204777874,42.9592125247013,45.367736421999396,28.23900565718297,63.500228473422226,1.7689371635475923,0.9387260119762224,18.96156513229114,37.81561939245987,62.28258602388937,100.0,67.50114236711113,100.0,60.32504714319143,75.28208684305486,100.0,75.16337711968909,80.16252357159571,37.81561939245987,75.28208684305486,100.0,64.38208489626926,87.64104342152743,76.01156415889835
2016-03-01,497084.0,695113.0,15990.25,161816.5,3699.25,246953.25,9404.0,89.225,1.720223,97.42580832,3024.660559,47.20041944,2286521.0,232164.0,184816.0,10078.0,30.868048197559382,43.165303221890255,45.75579134885234,27.01267484310267,64.08122205025897,1.7656748552188968,0.937640777395452,40.333247602122334,37.76124758698161,69.3402409877969,100.0,70.40611025129486,100.0,50.105623692522244,96.88883173474822,100.0,78.85792947050723,75.05281184626112,37.76124758698161,96.88883173474822,100.0,63.891779182804484,98.44441586737412,81.16809752508931
2016-04-01,506509.6,695111.0,16062.2,160325.4,3961.2,241292.8,9423.6,89.56,1.860345,97.00431193,3035.190403,46.24648102,2211218.0,236522.0,167789.0,10036.0,31.71979396615158,43.530818968891396,44.21839544095897,26.30819007225973,65.63073202666784,1.9177961917223403,0.9360213829168775,46.24612475565987,40.29660319537234,73.59896983075791,100.0,77.25261438095659,97.20855514628204,44.23491726883108,100.0,100.0,82.61537224659014,70.72173620755656,40.29660319537234,100.0,100.0,64.54518826640545,100.0,82.27259413320272
2016-05-01,507015.0,695106.5,16258.75,151998.75,4063.75,239340.5,9661.25,89.775,1.539423,96.42519313,3060.830702,45.57728116,2258898.0,243088.0,178375.0,9874.0,31.671142087250793,43.420444616572674,40.125856311294726,25.364379039511874,67.15693924907214,1.5964945985895584,0.9342097435982577,36.52941428582052,34.94157664315931,73.35571043625396,100.0,82.70335446097192,82.59234396890973,36.36982532926562,94.35294285721368,100.0,84.15329051279316,59.48108464908768,34.94157664315931,94.35294285721368,100.0,59.525312845084784,97.17647142860685,78.35089213684581
2016-06-01,499672.5,695104.0,16483.5,151591.75,3823.25,238315.5,9713.5,91.35,1.33928,97.15933915,3064.239004,46.63215681,2165089.0,234229.0,166551.0,16445.0,30.846504420886276,42.911164030391376,39.001058051320314,24.952967553043205,65.71085734861167,1.3784367120203906,0.9326509924553088,26.558089788199695,31.307278533673177,69.23252210443138,100.0,77.53877624504167,78.57520732614398,32.94139627536004,85.41078638426626,100.0,80.95464171528505,55.75830180075201,31.307278533673177,85.41078638426626,100.0,56.006715839348495,92.70539319213313,74.35605451574081
2016-07-01,491227.0,695099.8,16706.4,151975.4,3704.0,239921.4,9752.0,92.74,1.1701,96.44178357,3116.308527,46.59996505,2255564.0,259224.0,172923.0,15739.0,29.993627009876988,42.44181231047987,39.08782037268039,24.894342074715276,66.8736236959903,1.2132708009808948,0.9311542231637046,18.651570046119577,28.55451334968158,64.96813504938494,100.0,81.69151319996537,78.88507275957282,32.452850622627295,74.86876006149276,100.0,80.4947079797436,55.66896169110006,28.55451334968158,74.86876006149276,100.0,54.90613729691017,87.43438003074638,71.17025866382828
2016-08-01,492907.5,695095.25,16689.0,153085.25,3763.25,233185.25,9675.25,92.75,1.1903,99.63725887,3100.907173,48.18174722,2237678.0,253883.0,187458.0,26768.0,29.811007799642105,42.039307414158195,39.880879886676325,24.038477398072263,64.35854554715752,1.1946334267917018,0.928790042868992,12.299223296674096,28.243890446528365,64.05503899821053,100.0,71.7927277357876,81.71742816670117,25.32064498393553,66.39896439556546,99.56787245321142,77.15983392002049,53.51903657531835,28.243890446528365,66.39896439556546,99.56787245321142,52.97430812558187,82.98341842438845,67.97886327498516
2016-09-01,475209.8,695092.2,16522.6,161935.2,3608.4,227179.4,9384.2,91.4,1.2305,97.43492113,3072.690913,47.28117277,2151150.0,235594.0,185222.0,16764.0,28.62644970369645,41.87207819100472,43.475746531623145,23.58776844616281,64.9876205048287,1.2628942331243205,0.9273208672260842,8.314027017864712,29.38157055207201,58.13224851848226,100.0,74.93810252414349,94.55623761293981,19.84710557703511,61.08536935715295,99.04316686645862,75.73433016463595,57.20167159498746,29.38157055207201,61.08536935715295,99.04316686645862,54.10616701864758,80.06426811180579,67.08521756522669
2016-10-01,473351.25,695089.0,15480.5,153908.0,4070.5,225820.0,9090.75,85.325,1.2397,96.05402314,3061.022872,46.75805042,2214145.0,225671.0,173455.0,3000.0,28.951810821349113,42.514063778221214,40.64610478570462,23.83186200273335,65.46515187234361,1.29062787739054,0.9265234031260228,5.345692815353411,29.843797956509,59.759054106745566,100.0,76.66125668694147,84.45037423465936,22.898275034166858,57.127590420471215,98.75835825929383,76.90199864878066,53.67432463441311,29.843797956509,57.127590420471215,98.75835825929383,53.473393841656375,77.94297433988253,65.70818409076945
2016-11-01,488117.0,695086.25,16155.75,150237.25,3987.25,223205.25,9169.0,89.225,1.180045,98.07860643,3039.947242,47.31765703,2160600.0,221949.0,194922.0,32976.0,30.108446155115402,42.874898705199946,38.94830647983719,23.92390512122446,64.24551494746738,1.2031624866552462,0.9239691753707611,4.486768536268296,28.386041444254104,65.54223077557701,100.0,71.22757473733692,78.3868088565614,24.048814015305766,55.982358048357725,97.84613406098607,77.58516473143189,51.217811435933584,28.386041444254104,55.982358048357725,97.84613406098607,52.39622135109639,76.9142460546719,64.65523370288415
2016-12-01,483894.6,695083.0,16559.0,155893.2,3808.4,230184.4,8928.6,91.08,1.2803,99.48469665,2994.14174,48.26007336,2207475.0,271910.0,208993.0,41825.0,29.907952751829676,42.96082147351929,40.296667754474285,25.175646762394198,62.04179835502845,1.2869316016555397,0.9208658440474543,-0.014089244781562815,29.78219336092566,64.53976375914837,100.0,60.20899177514224,83.20238483740816,34.79705635328499,49.99060717014562,96.73780144551938,73.87860303620202,58.999720595346574,29.78219336092566,49.99060717014562,96.73780144551938,54.2206502856512,73.3642043078325,63.79242729674185
2017-01-01,487905.75,695080.75,16392.25,169745.0,3686.75,249300.75,8222.0,90.2,2.06,96.04578567,3069.751298,46.0765241,2187447.0,278666.0,218600.0,51342.0,30.216729243274628,43.04738532997871,43.656167017083625,28.161342658290586,66.62289219858926,2.1448104001958757,0.9172156522057602,-3.551081260104054,44.08017333659793,66.08364621637314,100.0,80.7960435663902,95.20059648958437,59.67785548575488,47.63261249326396,95.4341615020572,80.67227155646631,77.43922598766963,44.08017333659793,47.63261249326396,95.4341615020572,67.39822782714737,71.53338699766059,69.46580741240398
2017-02-01,516394.5,695077.5,15571.5,167536.0,3967.0,256901.0,8680.75,85.85,2.22,97.7474967,3061.983195,47.06393482,2003393.0,246094.0,201167.0,52042.0,31.936083860942972,42.986618428071154,43.3767007132963,29.359820687507412,65.06007639843149,2.2711579067988557,0.9136845018876179,0.6799741247812863,46.18596511331427,74.68041930471486,100.0,75.21455856582675,94.20250254748679,69.6651723958951,50.90663216637505,94.17303638843494,82.43653529163397,81.93383747169094,46.18596511331427,50.90663216637505,94.17303638843494,70.18662079803102,72.53983427740499,71.363227537718
2017-03-01,531835.8,693402.2,15884.0,155902.4,4166.4,243581.0,9298.2,87.7,2.295,99.73425027,3032.30844,47.82823097,2268204.0,275656.0,229765.0,43553.0,33.02981752688965,43.06394593734352,39.90194867726053,27.735168825105927,63.39997065544822,2.3011152074507892,0.9110823756753793,7.775832598587212,46.685253457513156,79.29090636204022,100.0,66.9998532772411,81.79267384735903,56.12640687588272,60.36777679811628,93.24370559834975,81.81631852798841,68.95954036162087,46.685253457513156,60.36777679811628,93.24370559834975,65.82068469933206,76.80574119823302,71.31321294878254
2017-04-01,530548.5,690742.25,17024.25,149939.75,4183.75,239018.75,9215.0,92.825,2.27,97.4997893,3049.788544,46.22082643,2197733.0,233077.0,191732.0,50669.0,32.713559008509066,42.59108706375632,37.475802773074065,26.995605087538245,65.98299467056933,2.3282101595269804,0.9088259926094749,7.773748162494611,47.136835992116346,77.97316253545443,100.0,78.5106952520333,72.81584488780861,49.96337572948537,60.364997549992815,92.4378545033839,84.74247358979176,61.38961030864699,47.136835992116346,60.364997549992815,92.4378545033839,64.42266996055287,76.40142602668836,70.4120479936206
2017-05-01,517387.25,687797.25,17168.0,147166.0,4184.5,239664.25,9596.5,93.35,2.15,99.98969669,3052.569628,47.22762815,2270953.0,238831.0,188062.0,60782.0,31.525056075798485,41.90835177138592,35.67303875673039,26.05722408940364,64.63525160113298,2.150221543991364,0.906781765614815,6.87455369041694,44.170359066522735,72.62528037899243,100.0,73.17625800566489,65.3043281530433,42.143534078363665,59.16607158722259,91.70777343386251,81.00298955329644,53.72393111570348,44.170359066522735,59.16607158722259,91.70777343386251,59.63183572896127,75.43692251054256,67.53437911975192
2017-06-01,509195.0,683593.2,17133.2,151538.6,4011.8,240586.6,9529.0,93.72,1.925,101.8026773,3015.877253,48.23909308,2219000.0,234140.0,200844.0,52462.0,30.30496455483566,40.68435019182569,36.6335014459295,25.568003145698444,62.51936055262173,1.8909129416383237,0.904556989620805,4.882082486255511,39.848549027305395,66.5248227741783,100.0,62.596802763108634,69.30625602470624,38.06669288082037,56.509443315007346,90.91321057885892,75.38896993860392,53.686474452763306,39.848549027305395,56.509443315007346,90.91321057885892,56.307735653888855,73.71132694693313,65.009531300411
2017-07-01,487819.0,678885.25,17264.0,150986.75,4177.0,231185.5,9760.25,94.55,1.975,99.75254432,3023.614896,47.7559468,2316614.0,245292.0,195201.0,53592.0,28.448631677320634,39.59123451201314,36.47672743634886,24.270965794636588,63.31389279460375,1.979899373457906,0.902664367648342,2.4404090274080095,41.331656224298435,57.24315838660317,100.0,66.56946397301877,68.65303098478691,27.258048288638232,53.25387870321068,90.23727416012214,72.8681025465469,47.95553963671257,41.331656224298435,53.25387870321068,90.23727416012214,54.05115651320272,71.74557643166641,62.89836647243456
2017-08-01,465716.75,678882.25,17581.25,148412.5,4179.75,230516.75,9698.5,96.1,2.01,99.99981614,3001.501517,48.03672107,2315312.0,239997.0,201833.0,45468.0,26.94089139789533,39.27213906136902,35.86348135237916,23.897497035707573,62.483480348838896,2.0100036955927947,0.9017522478688361,1.2467044568365349,41.833394926546575,49.704456989476654,100.0,62.41740174419448,66.0978389682465,23.718712946344667,51.66227260911538,89.91151709601289,68.607003319049,44.90827595729559,41.833394926546575,51.66227260911538,89.91151709601289,51.782203939419354,70.78689485256413,61.284549395991746
2017-09-01,467875.0,675850.8,15185.0,140932.4,4027.4,219492.2,9397.2,83.46000000000001,1.9,100.9336945,2962.901553,47.68400439,2279811.0,226769.0,194183.0,54733.0,27.864858044070097,40.25110681479286,34.38224683534653,22.872735277758604,62.13617314449711,1.882423911471902,0.9005636785259845,1.559464207454551,39.70706519119837,54.324290220350484,100.0,60.680865722485535,59.92602848061053,10.909190971982552,52.079285609939404,89.48702804499446,69.93397580488585,35.41760972629654,39.70706519119837,52.079285609939404,89.48702804499446,48.35159004674213,70.78315682746694,59.567373437104536
2017-10-01,457737.0,671526.0,15934.25,131652.0,3690.0,218369.5,9347.75,87.4,2.07,99.28787754,2918.699941,47.41358684,2397665.0,238859.0,199576.0,80195.0,27.75656603172919,40.720448119822024,32.76117244146658,22.863701683344807,61.55830291535058,2.0848466613319045,0.8977507541700381,0.33863897303765816,43.080777688865076,53.78283015864595,100.0,57.7915145767529,53.17155183944407,10.79627104181009,50.451518630716876,88.48241220358504,68.85058643648426,31.983911440627082,43.080777688865076,50.451518630716876,88.48241220358504,47.97015973728401,69.46696541715096,58.71856257721748
2017-11-01,456748.75,667923.0,16696.25,125784.0,4113.5,211136.25,9246.75,91.125,2.06,101.959995,2897.305247,48.60047287,2392537.0,233906.0,207607.0,80100.0,27.937091675045014,40.85358981906593,31.425082679341564,22.40754891191875,59.61475425866571,2.0204002560023664,0.8965891356509126,-2.2186811786331706,42.006670933372774,54.68545837522507,100.0,47.5922141166607,47.9467238547913,5.0943613989843595,48.52087921424455,88.06754844675449,66.15184758508823,26.52054262688783,42.006670933372774,48.52087921424455,88.06754844675449,44.891183134007456,68.29421383049952,56.59269848225348
2017-12-01,436785.0,663201.6,17243.2,131027.2,3991.4,227354.4,9109.4,94.74,2.1,100.377257,2848.309949,48.52428358,2491914.0,263583.0,217521.0,82604.0,26.854824950390956,40.77558266611537,33.12469110053532,24.51187700634213,58.698650219206385,2.0921073784672157,0.895904081711536,-2.8564021525763392,43.201789641120264,49.27412475195478,100.0,41.86656387003991,54.686212918897176,29.26564171951774,48.09573189828244,87.82288632554857,62.26961906179388,41.97592731920746,43.201789641120264,48.09573189828244,87.82288632554857,49.14839468890505,67.9593091119155,58.55385190041028
2018-01-01,415527.75,664276.25,16673.5,140007.25,4177.5,241091.0,8805.75,91.825,1.57,98.15455498,2865.801119,47.44013193,2441063.0,283223.0,227758.0,72463.0,24.976422749567227,39.92812620215426,35.06229495880394,26.413948093175364,60.40879319704708,1.5995182295104935,0.8957926630377684,-12.351611630445518,34.991970491841556,39.88211374783614,100.0,52.04396598523541,62.759562328349745,45.1162341097947,41.76559224636966,87.78309394206013,61.566035294705074,53.937898219072224,34.991970491841556,41.76559224636966,87.78309394206013,50.16567859489467,64.7743430942149,57.470010844554785
2018-02-01,421581.5,665217.25,16168.5,140030.75,4001.25,248924.5,9007.75,89.55,1.59,99.77009004,2848.223826,48.28893898,2250905.0,230617.0,201968.0,73684.0,25.251413379014682,39.8444328477444,34.397877625716596,27.528549488314095,58.98294487645833,1.5936639922471096,0.8958490772700967,-15.709147006974202,34.894399870785165,41.25706689507341,100.0,43.64340547786458,59.99115677381915,54.404579069284125,39.05447065736773,87.80324188217737,59.595848401388736,57.197867921551634,34.894399870785165,39.05447065736773,87.80324188217737,50.563368914160876,63.42885626977255,56.996112591966714
2018-03-01,428084.2,665457.6,16562.0,131996.2,3987.4,243384.4,9330.6,91.0,1.7,99.95177882,2804.487645,48.17639388,2521151.0,264248.0,199901.0,91542.0,25.692554225833945,39.939118222520975,32.677280899641346,26.853616892162137,58.21290094865856,1.7008201555486835,0.896075701320132,-18.309247548995554,36.68033592581139,43.462771129169724,100.0,38.83063092911598,52.82200374850561,48.78014076801781,35.58766993467259,87.8841790429043,59.034297730402685,50.80107225826171,36.68033592581139,35.58766993467259,87.8841790429043,48.8387648885206,61.73592448878844,55.28734468865452
2018-04-01,430474.25,664974.0,16787.5,123836.25,4190.0,237421.75,9325.75,91.95,1.72,98.97206349,2807.476804,47.02396019,2435681.0,239095.0,193227.0,85684.0,26.013868850230015,40.1848575723469,30.284938692785282,26.040331945428896,59.703112895137046,1.737864139989146,0.8957189508059917,-29.85019358431763,37.297735666485764,45.06934425115007,100.0,48.14445559460654,43.87478104566172,42.00276621190747,20.199741887576494,87.75676814499704,62.47107437884199,42.938773628784595,37.297735666485764,20.199741887576494,87.75676814499704,47.56873151594452,53.97825501628677,50.77349326611564
2018-05-01,434689.0,661926.75,16726.0,114652.0,4121.25,234036.5,9671.0,91.8,1.65,99.68956993,2812.746741,47.10821176,2545810.0,224488.0,177289.0,94797.0,26.247750739689632,39.96900851397862,28.135632733943154,25.074152740986364,59.70820449160687,1.6551380461954008,0.8958434184287041,-27.079490528173213,35.918967436590016,46.238753698448164,100.0,48.17627807254294,36.198688335511264,33.951272841553035,23.89401262910238,87.8012208673943,62.948384901142155,35.07498058853215,35.918967436590016,23.89401262910238,87.8012208673943,44.64648706238275,55.84761674824834,50.247051905315544
2018-06-01,426013.8,660076.8,17608.8,116775.0,3893.8,239344.8,9556.2,96.47999999999999,1.356,100.7064229,2801.348908,47.73364878,2476154.0,225537.0,188431.0,73535.0,25.176520995267733,39.00915278727859,28.846777356113495,25.271633730207434,58.68708928812795,1.3464880997178186,0.8963855234406571,-21.880553155839703,30.774801661963643,40.88260497633867,100.0,41.794308050799685,38.7384905575482,35.596947751728614,30.825929125547063,87.99482980023468,58.89133440577538,37.167719154638405,30.774801661963643,30.825929125547063,87.99482980023468,42.27744071753386,59.41037946289087,50.84391009021236
2018-07-01,407502.25,660014.25,17414.0,122099.0,3931.0,234825.25,9676.75,95.225,1.196,101.1169248,2824.953491,48.38978474,2609653.0,241382.0,207736.0,98240.0,23.783148492112936,38.520565014452195,30.26738266180385,24.569928615709777,58.37912911120753,1.1827891348214734,0.8955365807113083,-18.99188029930101,28.04648558035789,33.91574246056468,100.0,39.86955694504708,43.81208093501375,29.749405130914813,34.67749293426532,87.69163596832438,55.527164067739996,36.78074303296428,28.04648558035789,34.67749293426532,87.69163596832438,40.11779715490131,61.18456445129485,50.65118080309808
2018-08-01,407444.6,660012.4,17736.8,129674.2,4150.6,233743.4,9588.8,97.14,1.215,101.4791409,2852.086886,49.04020568,2662285.0,231529.0,219909.0,91526.0,23.454908642941845,37.99419735887723,32.22389751904899,24.289602587500244,58.15813466629,1.1972903881767096,0.894648752702469,-17.504323440526008,28.288173136278495,32.274543214709226,100.0,38.48834166431252,50.93290632937079,27.41335489583537,36.66090207929865,87.37455453659607,54.45631978517745,39.173130612603074,28.288173136278495,36.66090207929865,87.37455453659607,40.63906123696313,62.01772830794736,51.32839477245524
2018-09-01,397571.0,660010.25,17094.25,138354.25,3902.0,235230.0,9318.0,93.45,1.14,100.1779137,2854.780354,47.37741781,2618670.0,210896.0,220355.0,81381.0,22.765874751355863,37.793779440932745,34.85564387116278,24.67032426798812,60.256140709243944,1.137975385885881,0.8940745842508037,-15.087202378715247,27.299589764764683,28.829373756779315,100.0,51.28070354621972,61.898516129844936,30.58603556656768,39.883730161713004,87.16949437528702,56.91596056657764,46.242275848206305,27.299589764764683,39.883730161713004,87.16949437528702,43.48621769322837,63.52661226850001,53.50641498086419
2018-10-01,418795.75,656937.25,16310.0,130700.25,4213.5,231456.75,9211.5,89.05,0.925,100.1353857,2847.933035,48.19245567,2740273.0,209023.0,216758.0,89886.0,24.435588625491484,38.33049498177012,32.27744472775991,24.495985585413962,59.094997243994975,0.9237493754418125,0.8942639552569644,-13.549967381183828,23.093734386045313,37.17794312745742,100.0,44.34373277496859,51.156019698999614,29.133213211783016,40.966688412544116,87.2371268774873,58.17429708347355,40.144616455391315,23.093734386045313,40.966688412544116,87.2371268774873,40.4708500150181,64.1019076450157,52.2863788300169
2018-11-01,442879.8,652144.6,16947.0,121745.8,4165.4,226149.4,9108.2,92.78,0.63,100.4831904,2846.558325,48.11325,2698177.0,209652.0,230180.0,107585.0,26.018063375291256,38.31183886159172,29.63717250403189,24.299829422588747,59.16370906143318,0.626970538546913,0.8936546423738401,-15.115740204263812,15.674263463672824,45.09031687645628,100.0,44.77318163395738,41.56133037154247,27.49857852157289,39.845679727648246,87.0195151335143,61.46808124076972,34.52995444655768,15.674263463672824,39.845679727648246,87.0195151335143,37.22383030247303,63.432597430581275,50.32821386652715
2018-12-01,441560.0,649244.5,17488.5,123342.5,4200.0,232885.5,9062.5,95.7,1.1,100.1958565,2859.310217,47.15262219,2774454.0,242347.0,240989.0,122795.0,26.03547330289395,38.28106677869538,29.93586515299529,25.382477479686763,60.63947420524144,1.0978497898263888,0.8925866319414102,-17.01095889804959,26.630829830439815,45.17736651446975,100.0,53.19737102620721,42.62808983212604,36.52064566405636,37.31872146926721,86.63808283621792,64.03015791365007,39.5743677480912,26.630829830439815,37.31872146926721,86.63808283621792,43.41140142231876,61.97840215274256,52.69490178753066
2019-01-01,441940.5,649139.0,17075.25,141678.25,4048.5,255155.5,8933.0,93.425,1.86,99.49163067,2867.352353,48.05071183,2766868.0,276363.0,237813.0,126957.0,26.065208656642696,38.28556894460766,34.08307973585769,28.10454024760982,59.673462552323656,1.8695039848822692,0.891693258903973,-10.919071565843323,39.49173308137115,45.32604328321348,100.0,47.95914095202285,58.67949889940703,59.20450206341516,42.72061895610445,86.31902103713321,62.51815959889225,58.9420004814111,39.49173308137115,42.72061895610445,86.31902103713321,53.65116019083425,64.51981999661884,59.08549009372654
2019-02-01,449606.0,649139.0,16000.5,139068.75,4183.0,256995.5,8875.5,87.4,1.83,100.4923876,2865.085479,48.38386455,2516133.0,225750.0,227074.0,102866.0,26.638878705400952,38.461086115277084,33.51680133036893,28.571563570062704,59.2157221347876,1.8210334570655577,0.8909296506526049,-16.228920757768776,38.68389095109263,48.19439352700476,100.0,45.098263342422484,56.32000554320387,63.09636308385587,38.36143898964163,86.04630380450173,62.807236413528656,59.70818431352987,38.68389095109263,38.36143898964163,86.04630380450173,53.73370140075913,62.20387139707168,57.968786398915405
2019-03-01,446658.6,649126.0,15977.6,132586.6,4235.2,242753.2,9173.2,87.4,2.27,99.31234203,2860.94902,46.87293186,2798471.0,249443.0,242696.0,130814.0,26.84978551092283,39.020616348959344,31.82072035855928,26.93950205580926,61.036272033187046,2.2857179214586285,0.8893775944987318,-28.114625205016342,46.428632024310474,49.24892755461414,100.0,55.18136016593523,49.35971556628315,49.49585046507717,22.51383305997821,85.49199803526135,66.25397907162622,49.42778301568016,46.428632024310474,22.51383305997821,85.49199803526135,54.03633713570346,54.00291554761978,54.01962634166162
2019-04-01,460726.0,648991.25,16301.75,127123.75,3785.75,227413.25,9465.75,88.625,2.19,100.3970642,2867.081298,47.7029573,2721306.0,203685.0,211083.0,127102.0,28.19831964146639,39.720924610321156,31.28728284043329,24.957932585132845,60.1027999159289,2.18133868500111,0.8884665184031685,-21.354309617359853,44.68897808335183,55.991598207331954,100.0,50.51399957964449,47.45458157297603,32.982771542773705,31.52758717685353,85.16661371541731,67.55083915682613,40.21867655787487,44.68897808335183,31.52758717685353,85.16661371541731,50.81843785054679,58.34710044613542,54.58276914834111
2019-05-01,475034.2,645624.8,16672.8,126359.4,3889.2,229000.8,9456.6,90.46000000000001,2.14,100.1184446,2911.979977,46.79260828,2833477.0,207613.0,223633.0,144913.0,29.254184394324174,39.759720350131985,31.407002358146162,24.776228968341442,62.2316234131499,2.137468284240604,0.8865706885328025,-12.066807256281418,43.9578047373434,61.270921971620865,100.0,61.15811706574949,47.882151279093435,31.468574736178688,41.95546182914572,84.48953161885804,72.85580390837319,39.675363007636065,43.9578047373434,41.95546182914572,84.48953161885804,52.1617417883632,63.22249672400188,57.692119256182536
2019-06-01,476475.25,644818.0,17238.75,127090.25,4056.25,232750.25,9690.75,93.875,2.04,101.0612485,2919.289499,47.4441189,2749637.0,201133.0,218249.0,141956.0,28.79400340530194,38.967169203017335,31.83942529311554,24.63858594252414,61.53111421782564,2.0185778726056407,0.8845823453572368,-6.65294917602056,41.97629787676068,58.970017026509694,100.0,57.655571089128195,49.426518903984075,30.321549521034513,45.564700549319625,83.779409056156,70.88467813734233,39.874034212509294,41.97629787676068,45.564700549319625,83.779409056156,50.91056631195113,64.67205480273782,57.791310557344474
2019-07-01,449113.5,644818.0,17182.5,134864.5,3816.25,231300.0,9550.0,93.8,2.31,102.1159635,2939.859613,48.53556962,2856964.0,227550.0,236515.0,156865.0,26.655281189629033,38.270515373361555,34.69752274488742,24.243313567294063,60.57123952633236,2.262134068783477,0.8828760652996064,-4.68946754111982,46.03556781305795,48.27640594814517,100.0,52.856197631661814,61.23967810369759,27.027613060783857,46.87368830592012,83.170023321288,65.16742166875662,44.133645582240725,46.03556781305795,46.87368830592012,83.170023321288,51.77811383140785,65.02185581360406,58.39998482250596
2019-08-01,433589.8,644818.0,17514.0,136133.8,3937.0,232914.4,9716.0,95.42,2.16,102.0637709,2965.866616,48.79343835,2926429.0,217167.0,246391.0,138578.0,25.279237640480968,37.59430562448576,34.68664284303795,24.253484791094763,60.78412828228162,2.1163239227329,0.8816351260756246,-3.433556027054037,43.605398712215,41.39618820240484,100.0,53.920641411408106,61.1943451793248,27.11237325912303,47.71096264863064,82.72683074129448,62.73466770438438,44.153359219223915,43.605398712215,47.71096264863064,82.72683074129448,50.16387410034182,65.21889669496255,57.69138539765218
2019-09-01,418843.5,644818.0,16683.0,134460.25,3880.0,229692.25,9307.25,90.625,1.26,100.8409038,2928.957778,47.4399331,2842862.0,208264.0,234222.0,160274.0,24.41586604146856,37.588717287310594,34.28031486025686,24.011316119590216,61.740343769582594,1.2494929661667709,0.8797819382486292,-1.4090383627190115,29.158216102779512,37.07933020734281,100.0,58.70171884791297,59.50131191773691,25.094300996585133,49.06064109152066,82.06497794593898,62.442247737311014,42.29780645716102,29.158216102779512,49.06064109152066,82.06497794593898,44.63252327071966,65.56280951872982,55.09766639472474
2019-10-01,433105.75,642992.25,15738.75,122841.25,4185.25,224528.75,9547.0,85.425,1.41,100.2911161,2878.315743,47.71839684,2963416.0,204977.0,247781.0,177966.0,25.811504322594825,38.31996513615894,31.062679773682714,23.560050104603196,60.318785491704716,1.4059071778542107,0.8772138847373874,0.6818686084637928,31.765119630903513,44.05752161297413,100.0,51.59392745852358,46.652427763152545,19.500626307539946,50.90915814461839,81.14781597763834,63.10118688274673,33.076527035346245,31.765119630903513,50.90915814461839,81.14781597763834,42.64665407458406,66.02848706112837,54.33757056785622
2019-11-01,449042.2,637866.8,16248.8,117468.6,4220.4,222501.2,9178.8,88.9,1.710086,101.0495547,2886.434734,47.78269941,2914843.0,220952.0,251305.0,190610.0,27.138792966032103,38.55079773149474,28.964096494715726,23.576879418157542,60.40752761230406,1.69232413252782,0.8751187341857398,0.22726520319268628,36.53873554213033,50.69396483016051,100.0,52.03763806152029,39.15748748112759,19.71099272696928,50.30302027092358,80.39954792347851,65.88887735052029,29.434240104048435,36.53873554213033,50.30302027092358,80.39954792347851,43.952499027810205,65.35128409720105,54.651891562505625
2019-12-01,441501.5,634967.25,16855.5,126836.75,3780.0,238449.25,9139.25,92.25,2.2,101.4975354,2877.413621,47.6857846,3008614.0,245539.0,261086.0,220646.0,26.951204902477716,38.76121023623429,31.57961240285952,25.65881045832515,60.341119374179286,2.1675403164518614,0.8727051424400756,0.05671781232058956,44.45900527419769,49.75602451238858,100.0,51.70559687089643,48.49861572449829,38.82342048604291,50.07562374976079,79.53755087145557,65.41408886622436,43.6610181052706,44.45900527419769,50.07562374976079,79.53755087145557,51.17728571329989,64.80658731060818,57.99193651195404
2020-01-01,430868.0,634967.0,16524.6,144057.8,3811.8,258461.4,8615.8,90.06,2.27,93.95883441,2918.852185,46.02639198,3018453.0,248824.0,260106.0,250305.0,26.36582468545221,38.85512176129936,36.020190717895666,28.339405468896697,63.416923626521466,2.4159516390918583,0.869523498389172,8.298133113190225,48.59919398486431,46.82912342726105,100.0,67.08461813260733,66.75079465789861,61.161712240805805,61.064177484253634,78.40124942470428,68.85703481068663,63.956253449352204,48.59919398486431,61.064177484253634,78.40124942470428,60.47117595757115,69.73271345447895,65.10194470602505
2020-02-01,443201.25,634967.0,15983.5,138686.25,3896.5,257140.5,8965.25,88.05000000000001,2.27,95.22227666,2882.735679,47.08443998,2769451.0,232624.0,228425.0,225786.0,27.01935914552737,38.71018283129409,35.31450724757618,28.651470371123512,61.224805481906465,2.3838959533652466,0.867087082667439,13.489772661042304,48.06493255608744,50.09679572763686,100.0,56.124027409532324,63.810446864900754,63.762253092695936,67.9863635480564,77.53110095265677,66.87592651391445,63.78634997879834,48.06493255608744,67.9863635480564,77.53110095265677,59.57615741096299,72.75873225035659,66.16744483065979
2020-03-01,457518.25,634967.0,15564.25,124967.5,4028.25,243476.5,8660.25,85.6,2.215,91.12568624,2971.051009,43.24525109,2952802.0,210337.0,253130.0,244269.0,28.186255974901375,39.11831363582808,32.21527981413394,27.526593000956744,68.7023646322873,2.4307087182491,0.8641673971430652,22.39490338451056,48.845145304151664,55.93127987450687,100.0,88.2227308295975,50.8969992255581,54.388275007972865,79.85987117934741,76.4883561225233,78.839331198682,52.642637116765485,48.845145304151664,79.85987117934741,76.4883561225233,60.10829123312408,78.17411365093535,69.14120244202971
2020-04-01,508564.75,635254.5,12879.0,132645.0,3214.0,260579.75,5329.25,70.475,0.645,83.66668557,3121.693341,35.15763911,2850742.0,186812.0,210266.0,210466.0,33.37512622772097,41.68928169761622,35.48899538812954,33.01554771773061,88.7913244468138,0.7709161604834444,0.8623642280072414,26.144048304828086,19.27290401208611,80.72969261550404,100.0,100.0,64.53748078387308,100.0,84.85873107310411,75.84436714544337,92.29187704620162,82.26874039193655,19.27290401208611,84.85873107310411,75.84436714544337,64.61293957339895,80.35154910927375,72.48224434133635
2020-05-01,531391.6,642157.0,12912.0,160782.2,3319.8,255564.0,7130.8,70.17999999999999,5.057917,86.36320445,3208.95647,37.24704632,2723828.0,183681.0,212994.0,182438.0,37.07033027402934,44.79741884850995,44.48086426370556,33.97830519967226,86.15331380724633,5.856564762981071,0.8611461350015435,20.202958806980554,98.20705953726339,96.12637614178891,100.0,100.0,98.14594379894844,100.0,76.93727840930741,75.40933392912267,98.45055045671558,99.07297189947423,98.20705953726339,76.93727840930741,75.40933392912267,98.5769102422779,76.17330616921504,87.37510820574647
2020-06-01,537898.5,652715.75,13739.25,174786.75,3525.25,256874.75,8234.75,74.25,6.57,90.0637233,3209.298137,40.47031874,2712029.0,182571.0,229442.0,109002.0,39.052791113450525,47.38881376543938,49.62959545122202,35.0024612460207,79.30004598229166,7.294834989350257,0.8615223591892919,16.793435766574504,100.0,100.0,100.0,100.0,100.0,100.0,72.391247688766,75.54369971046138,100.0,100.0,100.0,72.391247688766,75.54369971046138,100.0,73.96747369961369,86.98373684980685
2020-07-01,530402.8,656121.4,14418.8,178063.4,3453.8,248428.6,8678.0,78.52000000000001,5.84,92.1491215,3213.964995,42.34838358,2800638.0,206315.0,252930.0,96200.0,39.326201295481575,48.64748498815086,52.70935442930248,33.83110905327378,75.89345149215728,6.337553635820608,0.8624272355630254,13.946408557106007,100.0,100.0,100.0,100.0,100.0,100.0,68.59521140947467,75.86686984393764,100.0,100.0,100.0,68.59521140947467,75.86686984393764,100.0,72.23104062670615,86.11552031335307
2020-08-01,508175.0,650689.25,14431.25,178044.25,3747.75,241221.0,8865.0,80.15,5.08,91.77089788,3210.849019,41.98872849,2802176.0,208445.0,247748.0,112462.0,36.624367357161,46.89542407114788,50.70102373528113,29.320161477792244,76.46930818028208,5.535523915917907,0.8626024497282393,11.341992405895816,94.19404894897384,94.26819732150416,100.0,100.0,100.0,69.33467898160202,65.12265654119442,75.92944633151404,97.70727892860167,84.66733949080101,94.19404894897384,65.12265654119442,75.92944633151404,92.18880356782897,70.52605143635424,81.35742750209161
2020-09-01,495827.75,645424.0,13326.75,175962.75,3534.0,229777.5,8478.0,74.55,4.865,93.24613672,3173.29525,42.86017738,2738793.0,172968.0,244279.0,151128.0,35.46944034852247,46.17092945585391,49.355646247054864,26.83082402224444,74.03831351105808,5.217374328985498,0.862056761415926,8.447339978148118,90.21717911231872,89.45600145217695,100.0,100.0,100.0,48.59020018537032,61.26311997086415,75.734557648545,95.78240058087079,74.29510009268516,90.21717911231872,61.26311997086415,75.734557648545,86.76364628264128,68.49883880970458,77.63124254617293
2020-10-01,489399.8,640325.4,13479.2,161587.6,3926.6,226534.6,8528.4,75.0,4.6,92.29036957,3120.917254,42.86607662,2780936.0,199273.0,258632.0,222963.0,35.173192468017824,46.02022423458387,44.08292099044138,26.227326668480494,72.80622581036202,4.984268696108115,0.8598198724771644,6.035405891697754,87.30335870135144,88.22163528340761,100.0,100.0,96.72471782300494,43.56105557067078,58.04720785559701,74.93566874184444,95.28865411336304,70.14288669683786,87.30335870135144,58.04720785559701,74.93566874184444,84.24355629587006,66.49143829872072,75.36749729729539
2020-11-01,488736.0,638346.75,13890.75,145466.0,4060.75,229277.0,8280.5,77.2,4.55,93.08982359,3103.15701,42.95784776,2774983.0,208704.0,247493.0,280682.0,35.46193899827583,46.3174669110678,38.10728857627496,26.85379144352144,72.23725516550412,4.88775230688994,0.856865894344953,6.430755638569861,86.09690383612426,89.4247458261493,100.0,100.0,75.3831734866963,48.78159536267867,58.574340851426484,73.88067655176891,95.76989833045972,62.08238442468748,86.09690383612426,58.574340851426484,73.88067655176891,81.31447212931324,66.2275087015977,73.77099041545547
2020-12-01,499082.5,638085.25,14230.0,150828.5,3789.75,237763.5,7931.25,79.1,4.415,93.9220935,3029.165711,43.25957473,2886298.0,261108.0,248884.0,304263.0,36.345347526794804,46.468129343288425,39.403700583237,28.630552875461156,70.02301178192836,4.700704419455897,0.854478467380819,8.429277567411525,83.75880524319871,93.10561469497836,100.0,92.93932779260129,80.01321636870357,63.587940628842965,61.2390367565487,73.02802406457822,95.12404421577172,71.80057849877326,83.75880524319871,61.2390367565487,73.02802406457822,83.55996659616585,67.13353041056345,75.34674850336465
2021-01-01,481309.0,638085.4,14629.6,162194.2,3773.8,246322.6,7737.6,81.84,4.115,92.83745465,3039.09734,41.89013284,2871976.0,277665.0,258287.0,305196.0,34.238865507548965,45.391464096724945,41.719566070130995,30.33739714111969,72.54924093002708,4.432478265925831,0.8525392417852611,5.071540161669853,80.40597832407289,84.32860628145403,100.0,100.0,88.28416453618212,77.8116428426641,56.762053548893135,72.3354434947361,93.73144251258162,83.04790368942311,80.40597832407289,56.762053548893135,72.3354434947361,85.7281734549106,64.54874852181462,75.13846098836261
2021-02-01,469604.5,637810.0,12936.25,153625.25,4120.5,253516.0,7904.75,72.675,5.025,94.30654848,2969.53192,42.05059547,2401865.0,266160.0,215579.0,208394.0,33.7319570596876,45.814253339223434,39.02882221431838,31.834646089514383,70.61807060778824,5.328368051838599,0.8520088268334174,-2.647361917161148,91.6046006479825,82.21648774869834,100.0,95.064537884958,78.67436505113707,90.28871741261986,48.2350920552259,72.14600958336335,91.40595646496674,84.48154123187847,91.6046006479825,48.2350920552259,72.14600958336335,89.16356453245425,60.19055081929463,74.67705767587444
2021-03-01,500937.0,637773.0,13768.25,140221.75,4055.0,231625.25,8668.75,77.65,5.015,95.71011673,2917.21821,43.64788612,2900170.0,237292.0,274352.0,321023.0,36.06191767706127,45.91259464294391,35.636648971824854,28.73552951320236,66.83526899744395,5.239780465577539,0.8491687332435376,-5.430201284990039,90.49725581971924,91.92465698775528,100.0,81.55453213372839,65.15270404927023,64.46274594335299,46.37986581000664,71.13169044412057,91.23622243522063,64.8077249963116,90.49725581971924,46.37986581000664,71.13169044412057,82.17866381614174,58.75577812706361,70.46722097160267
2021-04-01,492395.4,635653.2,15024.2,141320.8,4020.2,235070.4,8914.0,85.17999999999999,5.015,95.77364822,2913.647995,43.33457296,2828588.0,208342.0,257485.0,306818.0,34.947498416382324,45.11514364343849,35.39767682144087,28.300339201386905,67.23610724604218,5.236304654992498,0.8451596386574348,2.7539227087805154,90.45380818740622,87.28124340159302,100.0,82.9860973072935,64.15698675600362,60.83616001155754,53.671896945040686,69.69987094908387,89.80832655282526,62.49657338378058,90.45380818740622,53.671896945040686,69.69987094908387,80.9177270750716,61.68588394706228,71.30180551106693
2021-05-01,483580.25,629617.25,15243.0,132099.5,4075.0,234219.0,9162.25,87.025,4.623,96.11452288,2932.329405,43.24551149,2920531.0,203194.0,263110.0,314922.0,33.9523131660105,44.20561436643106,32.47543129674814,27.038463480977498,67.80656081910526,4.809887061263224,0.8410232498276055,-0.08512928412899767,85.12358826579029,83.13463819171041,100.0,85.02343149680449,51.98096373645059,50.32052900814582,49.943247143914,68.2225892241448,88.7608847257255,51.1507463722982,85.12358826579029,49.943247143914,68.2225892241448,75.00935368859643,59.082918184029396,67.04613593631291
2021-06-01,463026.25,624613.0,16168.25,137106.5,3966.5,241407.0,9113.25,92.25,4.155,98.93754072,2874.603983,45.54412714,2816197.0,207835.0,267770.0,271368.0,30.763972978404983,41.49997425407409,34.02843013768327,26.929033067704086,63.11689702963533,4.199619244386652,0.8360449449332474,-2.3379358604484297,77.49524055483315,68.81986489202491,100.0,65.58448514817667,58.451792240346975,49.40860889753405,48.44137609303438,66.44462319044551,77.20329150126297,53.93020056894051,77.49524055483315,48.44137609303438,66.44462319044551,69.5413496039816,57.442999641739945,63.49217462286077
2021-07-01,439513.2,621304.0,16002.0,139739.4,3780.6,234295.4,9544.2,91.56,3.47,98.55835241,2846.108736,45.55118307,2937568.0,226033.0,265887.0,300143.0,28.15702434996945,39.80329113376668,35.28260416732419,25.51285604227181,62.48155468599556,3.52075690710098,0.8307826436341921,-5.05750409092344,67.01261511834967,55.78512174984725,100.0,62.40777342997781,63.67751736385078,37.60713368559842,46.62833060605104,64.56522986935431,71.03638072893224,50.6423255247246,67.01261511834967,46.62833060605104,64.56522986935431,62.89588164584224,55.596780237702674,59.246330941772456
2021-08-01,433070.0,621302.5,16053.25,138377.75,4137.75,227193.0,9478.25,91.925,3.255,98.37032688,2813.378723,45.69435612,2946272.0,220929.0,265296.0,298262.0,27.29439940756147,39.15782341865393,34.68146630450788,24.365199695961845,61.569501397758174,3.3089246556745815,0.8259365457251776,-4.96855104492845,63.48207759457636,51.471997037807355,100.0,57.84750698879087,61.172776268782826,28.043330799682042,46.68763263671437,62.834480616134854,67.9430509117602,44.60805353423243,63.48207759457636,46.68763263671437,62.834480616134854,58.676320379475065,54.76105662642461,56.71868850294984
2021-09-01,418454.5,620083.25,14862.75,131138.25,3969.25,220391.5,9198.75,84.9,3.045,99.34193,2761.347679,46.04626788,2870587.0,218947.0,250769.0,284813.0,26.53221581564921,39.316538865442155,33.08626790546295,23.61266872821215,59.968979162356376,3.0651709706062684,0.8229579013408604,-5.272024031008788,59.41951617677114,47.66107907824605,100.0,49.806119764727356,54.52611627276228,20.15835910265187,46.48531731266081,61.770679050307294,64.00626756071662,37.342237687707076,59.41951617677114,46.48531731266081,61.770679050307294,53.5877157647862,54.12799818148405,53.85785697313513
2021-10-01,427864.0,615348.6,15173.2,127223.2,4026.0,219183.0,9414.8,86.47999999999999,2.78,98.48385681,2753.610918,46.29238549,3013375.0,228156.0,246936.0,298119.0,27.563583889504468,39.641598165279454,31.978483812587978,23.295036667020938,59.483020562740926,2.822797654404737,0.8224923255834418,-3.42727449502832,55.379960906745616,52.81791944752234,100.0,46.76887851713079,49.92315647352849,16.18795833776172,47.71515033664779,61.60440199408634,65.15783133414818,33.055557405645104,55.379960906745616,47.71515033664779,61.60440199408634,51.19596899293198,54.65977616536706,52.92787257914952
2021-11-01,433809.5,605651.0,15508.5,123447.0,4307.5,212878.5,9157.5,88.0,2.455,99.57602102,2732.814879,46.67233953,2949082.0,240639.0,250585.0,306397.0,28.170499872560175,39.329455482915755,30.034852954593838,22.859865822981906,58.553201029132126,2.4654530024923464,0.8227014226546683,-2.8997521095166974,49.424216708205776,55.85249936280087,100.0,40.95750643207579,42.98161769497799,10.748322787273823,48.06683192698887,61.67907951952438,64.62825167474308,26.864970241125906,49.424216708205776,48.06683192698887,61.67907951952438,46.97046879042823,54.872955723256624,50.921712256842426
2021-12-01,424514.6,596975.0,15768.6,124759.2,4017.2,223490.6,9063.4,89.74,2.45,101.0474472,2643.19243,47.57941782,3073064.0,250963.0,275524.0,345363.0,27.694893664562436,38.94603188065183,30.578328977723583,24.26973661884459,55.55327389670023,2.424603557921452,0.82172527557635,-2.1431131643816848,48.7433926320242,53.47446832281218,100.0,22.207961854376457,44.922603491869936,27.247805157038247,48.57125789041221,61.33045556298214,58.052175885437805,36.08520432445409,48.7433926320242,48.57125789041221,61.33045556298214,47.62577010864308,54.950856726697175,51.288313417670125
2022-01-01,414611.0,591277.5,15442.75,126308.25,4432.0,246331.0,8215.25,87.725,2.31,97.18920742,2647.60185,44.4179214,2950871.0,289757.0,257045.0,353791.0,26.795318698949234,38.21285265470033,30.10439321444106,27.483902100223286,59.60661297401459,2.376807118116943,0.8208930034651541,-2.748505710038213,47.94678530194905,48.97659349474617,100.0,47.541331087591175,43.22997576586093,54.03251750186072,48.16766285997453,61.033215523269334,63.85303672417582,48.631246633860826,47.94678530194905,48.16766285997453,61.033215523269334,53.47653830903662,54.60043919162193,54.03848875032928
2022-02-01,412835.5,583686.75,15280.75,120214.5,4325.0,246986.0,8774.0,87.15,1.88,100.4392545,2619.752228,46.57862847,2690795.0,253436.0,229662.0,316766.0,26.634290635897074,37.65684525633623,28.15047682607703,28.05850017679561,56.24365323868026,1.8717781303324985,0.8189561804123879,-11.692746455057824,39.52963550554164,48.17145317948537,100.0,26.52283274175162,36.2517029502751,58.820834806630096,42.204835696628116,60.34149300442426,57.22543109431963,47.5362688784526,39.52963550554164,42.204835696628116,60.34149300442426,48.097055741809854,51.27316435052619,49.68511004616802
2022-03-01,412704.5,573163.5,15692.25,113436.25,4152.75,240617.0,8760.5,90.725,2.075,99.20660407,2605.418099,46.11671563,3027982.0,256816.0,274958.0,364116.0,26.547161785883425,36.86866550828304,26.80606961088678,27.646679487492513,56.49617635183704,2.0915946266398597,0.8185061474689941,-15.329426192404217,43.193243777331,47.735808929417125,100.0,28.101102198981522,31.45024861030993,55.38899572910427,39.560765076794375,60.18076695321217,57.524654231461305,43.419622169707104,43.193243777331,39.560765076794375,60.18076695321217,48.045377437710826,49.87076601500327,48.95807172635705
2022-04-01,415601.6,556859.2,15667.6,109332.6,3748.6,232336.8,8752.2,90.44,1.66,97.90374117,2656.759189,44.46078699,2959139.0,244816.0,256922.0,330463.0,26.777008650467476,35.87816701257261,26.252924209180385,26.936077526052877,59.7551093640684,1.695542969208477,0.8186964786468316,-16.676400999107916,36.59238282014128,48.88504325233738,99.49236255238588,48.46943352542752,29.474729318501375,49.467312717107305,37.76479866785611,60.248742373868424,63.94255612427898,39.47102101780434,36.59238282014128,37.76479866785611,60.248742373868424,46.66793355751123,49.00677052086227,47.837352039186754
2022-05-01,419892.0,534895.75,15983.25,105651.5,3857.25,220965.0,8876.0,91.9,1.7554,99.18477731,2668.669406,44.92073216,3059893.0,230218.0,265217.0,351448.0,26.81994160371807,34.16562539671387,26.2755850680196,25.136294994411696,59.4084129460458,1.7698280397540576,0.8184746263236187,-15.109202734820283,37.830467329234295,49.099708018590356,92.35677248630779,46.302580912786254,29.55566095721285,34.46912495343079,39.85439635357295,60.16950940129237,61.23768922716435,32.01239295532182,37.830467329234295,39.85439635357295,60.16950940129237,43.69234839155196,50.01195287743266,46.85215063449231
2022-06-01,417341.5,508405.25,16409.0,110234.0,3674.75,219057.25,8929.75,94.225,1.56,100.989151,2656.627603,46.09079527,2970029.0,228677.0,253100.0,300659.0,26.18527075970831,31.8988864680536,28.57033631713141,24.809384330286296,57.63900552024473,1.5447203828854843,0.8189203132011639,-12.431260380861831,34.0786730480914,45.92635379854155,82.91202695022334,35.24378450152956,37.75120113261218,31.744869419052463,41.71249307942544,60.32868328612995,53.817284954942494,34.74803527583232,34.0786730480914,41.71249307942544,60.32868328612995,40.88071776337369,51.0205881827777,45.95065297307569
2022-07-01,425220.4,480344.8,16255.4,111698.8,3814.8,224581.8,8756.4,93.26,1.1,100.2135303,2713.865088,45.68745989,3093508.0,254283.0,259426.0,300415.0,26.446007750883346,29.874395263953726,29.59810273328299,25.438021654086793,59.40065599037618,1.0976561714840616,0.8199467870944348,-10.978635410127056,26.627602858067693,47.23003875441673,74.47664693314053,46.25409993985112,41.42179547601067,36.983513784056605,42.68090972658196,60.69528110515528,55.111239563664185,39.202654630033635,26.627602858067693,42.68090972658196,60.69528110515528,40.31372123281645,51.68809541586862,46.00090832434253
2022-08-01,424245.5,457194.25,16374.25,111761.5,3775.75,216528.0,8874.0,93.575,0.7,100.7751257,2718.00758,46.51020228,3113580.0,232808.0,257816.0,300215.0,26.09862215653495,28.125554620827753,29.561548812865553,24.4414813686024,58.43895418121583,0.6946158539993763,0.8209232420690703,-11.47007145602011,17.365396349984408,45.493110782674755,67.18981092011563,40.24346363259892,41.29124576023412,28.67901140502,42.35328569598659,61.04401502466796,50.42722667888427,34.985128582627055,17.365396349984408,42.35328569598659,61.04401502466796,34.25932312496979,51.69865036032728,42.97898674264853
2022-09-01,429472.0,428531.6,16003.6,114069.2,3689.6,212421.2,8766.6,91.58,0.64,101.0505042,2742.096108,46.10795985,3059857.0,233738.0,231086.0,295379.0,26.411878432864793,26.354045255199505,30.510187296471386,24.052164436298273,59.47120880907942,0.6333466666661125,0.8220968448610918,-9.76573444158069,15.833666666652812,47.05939216432397,59.80852189666461,46.695055056746384,44.679240344540666,25.434703635818945,43.48951037227954,61.46315887896135,50.774829951752885,35.056971990179804,15.833666666652812,43.48951037227954,61.46315887896135,33.888606384440564,52.476334625620446,43.18247050503051
2022-10-01,438303.5,403836.0,15627.75,106347.75,4144.25,208343.25,8636.0,89.725,1.2,98.82301117,2763.700746,45.01876977,3156233.0,239263.0,244505.0,309823.0,27.282706462706773,25.137237204525295,27.579095459142653,23.78822824194331,61.389966010170696,1.214292082170724,0.8225606983119859,-6.043133244793998,28.571534702845398,51.413532313533864,54.73848835218873,56.94983005085348,34.211055211223766,22.3528530242914,45.97124450347067,61.628820825709234,54.071908446326205,28.281954117757582,28.571534702845398,45.97124450347067,61.628820825709234,36.97426310447927,53.80003266458995,45.38714788453461
2022-11-01,431714.75,391993.0,16322.25,108848.75,3881.5,209609.75,8599.25,93.525,1.42,100.3563349,2785.833977,45.98457212,3058251.0,244760.0,252410.0,302608.0,26.84465593051843,24.37469929431809,28.106138363318294,24.040675711129623,60.58192668902449,1.4149580107872195,0.823124000755934,-3.0636353518210573,31.91596684645366,49.223279652592154,51.56124705965871,52.90963344512246,36.093351297565334,25.338964259413526,47.957576432119296,61.83000026997641,51.030576012471215,30.716157778489432,31.91596684645366,47.957576432119296,61.83000026997641,37.88684973822804,54.89378835104785,46.39031904463795
2022-12-01,419171.8,379084.4,15731.2,119580.8,3602.4,222890.6,8433.6,90.03999999999999,1.47,100.9345866,2773.530063,45.93039759,3114806.0,289926.0,258641.0,339960.0,26.32790241941562,23.810039444262994,31.226727162931894,25.890830524938693,60.38550085627509,1.4563887855661957,0.8240554038547754,-5.01976149401084,32.606479759436596,46.6395120970781,49.20849768442915,51.927504281375434,47.23831129618534,40.75692104115578,46.65349233732611,62.16264423384835,48.996605428572614,43.99761616867056,32.606479759436596,46.65349233732611,62.16264423384835,41.86711352379823,54.40806828558723,48.13759090469273
2023-01-01,447214.5,371579.25,14861.5,116588.25,3853.75,230913.75,8061.25,85.3,2.24,97.96820614,2818.245865,44.01764784,3163626.0,272526.0,271450.0,337155.0,28.60218698585127,23.764835864137623,30.12246558884891,27.3837017975043,64.02536262828168,2.2864560741256827,0.8249840059179244,-0.6463082293112195,46.44093456876138,58.010934929256344,49.02014943390677,70.12681314140842,43.29451996017468,53.19751497920251,49.569127847125856,62.49428782783015,58.948462744297096,48.246017469688596,46.44093456876138,49.569127847125856,62.49428782783015,51.21150834883656,56.031707837478,53.62160809315728
2023-02-01,471438.25,371579.0,15106.5,120952.0,3815.5,240196.5,8681.0,86.525,2.06,101.5951538,2803.58239,46.24194643,2846196.0,239838.0,248498.0,326275.0,30.404851869796662,23.964547749206123,31.9278829814263,28.446577508282726,60.628554947270636,2.027655771903561,0.824894914266505,6.820519817003163,42.12759619839268,67.0242593489833,49.85228228835885,53.14277473635318,49.74243921937965,62.054812569022715,59.09402642267088,62.462469380894625,57.70822084700693,55.89862589420118,42.12759619839268,59.09402642267088,62.462469380894625,51.91187969435836,60.77824790178275,56.345063798070555
2023-03-01,476679.8,371498.2,15433.8,117620.6,3835.4,230584.4,8911.2,88.53999999999999,1.8526,101.046604,2751.803547,45.90014305,3196323.0,248059.0,283832.0,366552.0,31.18968805718679,24.307539299559977,31.143234450140827,27.058299266143592,59.95196014971897,1.8334114425062715,0.8253133752044919,14.892253914188407,38.890190708437856,70.94844028593394,51.28141374816657,49.699750935743566,46.940123036217244,50.48582721786327,69.8563385522512,62.611919715889954,58.67372551954662,48.71297512704025,38.890190708437856,69.8563385522512,62.611919715889954,48.75895918614244,66.23412913407057,57.49654416010651
2023-04-01,464266.0,367354.5,15749.25,111592.75,3782.0,222450.75,8896.0,90.575,1.365,100.0829591,2815.440485,44.55001489,3067575.0,220081.0,244853.0,375843.0,30.368472822625286,24.029317566910134,29.200053641576147,25.75447655461954,63.19729616144243,1.3638685469282852,0.8248441898482137,21.956616204943245,31.064475782138086,66.84236411312642,50.122156528792225,65.98648080721216,40.00019157705767,39.620637955162834,79.27548827325766,62.444353517219184,61.56953684605189,39.810414766110256,31.064475782138086,79.27548827325766,62.444353517219184,44.147708691996876,70.85992089523842,57.50381479361765
2023-05-01,461258.25,358747.5,15992.25,106178.75,3903.75,217597.0,9186.5,91.95,2.131,101.5001705,2808.772517,45.5026247,3196235.0,214456.0,271608.0,366774.0,29.62395113821373,23.040278219319287,27.69281427169558,24.397906639719466,61.727703303233845,2.099503862409768,0.8248292550996713,21.834367571687416,43.32506437349613,63.11975569106865,46.0011592471637,58.638516516169226,34.61719382748421,28.31588866432888,79.11249009558323,62.43901967845404,56.639805005427334,31.466541245906544,43.32506437349613,79.11249009558323,62.43901967845404,43.80923581538043,70.77575488701864,57.292495351199534
2023-06-01,459098.8,350200.0,16397.4,113530.0,3698.2,220520.2,9338.2,93.17999999999999,1.982,103.1968374,2782.588135,46.64339716,3057137.0,231189.0,279433.0,327872.0,28.88653777486248,22.03461548746553,29.838330809134426,24.278410983185577,59.65663533157627,1.9206014931616497,0.8238841208029497,18.10654091055644,40.34335821936083,59.43268887431239,41.81089786443971,47.85397082235168,42.27975288976581,27.32009152654647,74.14205454740859,62.10147171533917,50.67253615576237,34.79992220815614,40.34335821936083,74.14205454740859,62.10147171533917,41.93789165942782,68.12176313137388,55.02982739540085
2023-07-01,453034.75,346758.75,16559.75,117869.25,3545.5,218629.75,8847.0,93.525,2.85,101.8459404,2810.152571,45.73217996,3183137.0,254571.0,285191.0,349292.0,28.00891517829197,21.4383916820521,31.580332832086913,24.112888327630372,61.448034479395496,2.798344233267053,0.8224188809082416,13.37855201725725,54.97240388778422,55.04457589145986,39.32663200855042,57.24017239697748,48.50118868602469,25.94073606358644,67.838069356343,61.578171752943405,50.987871678242314,37.220962374805566,54.97240388778422,67.838069356343,61.578171752943405,47.72602870191682,64.7081205546432,56.21707462828001
2023-08-01,435439.0,348649.5,16676.0,116450.25,3737.0,216904.0,9032.75,94.075,3.322,102.1093874,2814.842825,46.35191654,3202498.0,246160.0,281440.0,353059.0,26.54088203652854,21.250887613637403,31.2944717473605,23.832690783681667,60.72764699105579,3.253373744165661,0.8209697771231804,10.42852842125668,62.55622906942769,47.704410182642704,38.54536505682251,53.63823495527896,47.48025624057321,22.908634796020834,63.90470456167557,61.06063468685014,46.736844076687525,35.19444551829702,62.55622906942769,63.90470456167557,61.06063468685014,48.16120941540042,62.482669624262854,55.32193951983164
2023-09-01,417207.0,350892.0,16278.8,119932.0,3879.4,220403.2,8534.2,91.1,2.85,102.0722383,2819.898711,45.66023541,3105466.0,229807.0,279020.0,346604.0,25.319050642561784,21.29459073809833,32.28295906487843,24.659014912389885,61.75830425925524,2.792140201357767,0.8186931718435014,7.155450753128493,54.86900335596279,41.59525321280892,38.72746140874304,58.7915212962762,51.17899610366014,30.49179093658238,59.54060100417132,60.24756137267908,45.89379609662934,40.83539352012126,54.86900335596279,59.54060100417132,60.24756137267908,47.19876125715738,59.894081188425204,53.546421222791295
2023-10-01,421750.0,351274.0,15259.75,113528.25,3959.25,223987.75,8771.25,85.7,3.079,101.5191879,2784.535242,46.25354362,3212305.0,230723.0,267401.0,384403.0,26.044279907308916,21.69218347400126,30.031644418579273,25.46385980469061,60.20155482305508,3.0329241827987476,0.8164896581582775,5.73652898229761,58.88206971331246,45.22139953654458,40.38409780833859,51.00777411527542,42.970158637783115,37.19883170575508,57.64870530973015,59.4605921993848,45.50612139170204,40.0844951717691,58.88206971331246,57.64870530973015,59.4605921993848,48.15675478556915,58.554648754557476,53.35570177006331
2023-11-01,443208.5,351352.25,15540.0,107729.75,3882.75,216871.0,8781.75,87.025,3.209,102.4263967,2777.897361,46.40630069,3156146.0,250869.0,267968.0,386262.0,27.80717611527334,22.044058031936544,27.876041504942293,24.700604642090894,59.86034912708746,3.1329814416872876,0.8145077913724468,6.533409253251634,60.549690694788126,54.035880576366694,41.8502417997356,49.127182044296624,35.271576803365335,30.83837201742412,58.71121233766884,58.7527826330167,48.90757938375634,33.05497441039473,60.549690694788126,58.71121233766884,58.7527826330167,47.50263658560447,58.731997485342774,53.11731703547362
2023-12-01,439423.8,352817.8,16407.0,116445.6,3596.8,227469.6,8640.2,91.97999999999999,3.468,102.6128141,2768.959467,45.99500657,3265794.0,274069.0,285867.0,422935.0,27.686539692890744,22.229801899802393,30.407123552375605,26.200590887886797,60.201306043644294,3.3796948562586984,0.8124090436468714,8.840783944087441,64.66158093764497,53.43269846445372,42.62417458250997,51.00653021822147,44.31115554419859,43.338257399056644,61.78771192544992,58.00322987388263,49.462290826000924,43.82470647162762,64.66158093764497,61.78771192544992,58.00322987388263,52.64864359646382,59.89547089966628,56.27205724806505
2024-01-01,426226.0,356124.0,15823.75,132816.75,3654.5,250039.5,8154.5,88.475,3.437,100.0334192,2766.583741,44.84278779,3154708.0,318619.0,277656.0,396260.0,27.048873164579053,22.60010629774474,35.19886307169406,29.11863094180979,61.69517724803344,3.435851765826675,0.8109722335825109,10.400462654020364,65.59752943044458,50.24436582289526,44.16710957393642,58.47588624016719,63.3285961320586,67.65525784841492,63.86728353869382,57.49008342232532,50.890645073389194,65.49192699023676,65.59752943044458,63.86728353869382,57.49008342232532,60.66051702067273,60.67868348050957,60.669600250591145
2024-02-01,439252.25,359136.25,14657.5,124006.25,3701.75,247390.0,8410.5,81.275,3.29,102.2175041,2768.17543,45.61337533,3032497.0,255492.0,283891.0,359563.0,28.144453833000284,23.011136785029212,33.43432777470713,29.115881242653433,60.68780067190875,3.2186268183396196,0.8102246117750072,19.766738515123933,61.97711363899366,55.72226916500142,45.87973660428838,53.43900335954373,55.976365727946366,67.6323436887786,76.35565135349857,57.22307563393112,52.084529655150206,61.80435470836248,61.97711363899366,76.35565135349857,57.22307563393112,58.6223175697062,66.78936349371484,62.70584053171052
2024-03-01,448038.0,362302.6,15708.0,117367.2,3751.6,232897.8,8963.4,87.36,3.131,101.6149855,2762.802862,45.21058868,3171604.0,238691.0,298014.0,369898.0,28.630341274437367,23.151712762345987,31.92655384521223,27.264541128404442,61.10964140624412,3.0812384458786344,0.809636017850357,36.811291717729716,59.68730743131057,58.15170637218684,46.46546984310828,55.54820703122061,49.73769230432939,52.20450940337035,94.54086114515314,57.012863517984634,53.8647856111734,50.971100853849876,59.68730743131057,94.54086114515314,57.012863517984634,54.840677635733456,75.77686233156889,65.30876998365117
2024-04-01,457941.5,365267.0,15801.75,116282.0,3470.25,227434.5,8578.75,88.1,3.149,102.4678544,2825.572543,45.78126472,3040592.0,221836.0,263380.0,303776.0,29.548902260005484,23.569034214644063,31.905941103435975,26.672941010902406,61.71897085590169,3.0731589125574588,0.8108321885395319,37.02861013480321,59.55264854262431,62.74451130002742,48.204309227683595,58.59485427950844,49.66407536941419,47.27450842418672,94.6857400898688,57.44006733554709,57.13755357216858,48.469291896800456,59.55264854262431,94.6857400898688,57.44006733554709,55.052506283253734,76.06290371270795,65.55770499798084
2024-05-01,457200.8,368661.8,16582.4,118258.4,3673.0,228476.2,9016.2,92.06,3.439,103.4423782,2843.088664,46.30672242,3146787.0,238416.0,278618.0,367723.0,29.144436662196526,23.500484863262187,32.40710850472028,26.134825709166876,61.39688830086713,3.3245562020537536,0.8105183185105236,32.186153730152085,63.74260336756256,60.72218331098263,47.91868693025911,56.98444150433566,51.69628543633449,42.7902142430573,91.4574358201014,57.32797089661556,55.759811854771485,47.24324983969589,63.74260336756256,91.4574358201014,57.32797089661556,55.58105449015855,74.39270335835847,64.98687892425852
2024-06-01,456498.0,371557.5,16784.0,121499.25,3719.25,232575.5,9204.75,93.55,3.858,104.1224855,2829.892859,46.43854471,3081871.0,246700.0,270277.0,356423.0,28.145813214871723,22.908726858791717,33.255349285963554,26.0129015661394,60.93844836594579,3.705251542425003,0.8102295674038831,23.833704828643203,70.08752570708339,55.72906607435861,45.45302857829882,54.69224182972894,55.230622024848145,41.774179717828346,81.7782731048576,57.22484550138681,52.33520755215177,48.502400871338246,70.08752570708339,81.7782731048576,57.22484550138681,56.97419744580725,69.5015593031222,63.23787837446473
2024-07-01,438714.0,374075.75,16648.5,126209.5,3659.25,228459.75,9221.75,92.7,3.519,104.282035,2822.529447,46.84243796,3225035.0,271374.0,284187.0,323873.0,26.66279733167823,22.73441446807153,34.76426739201543,25.369300791611668,60.25581865338078,3.374502616869723,0.8111498148405342,18.224846733484295,64.57504361449539,48.31398665839116,44.726726950298044,51.27909326690389,61.51778080006428,36.41083993009723,74.29979564464573,57.553505300190764,48.12734072851704,48.964310365080756,64.57504361449539,74.29979564464573,57.553505300190764,53.88840577724396,65.92665047241825,59.9075281248311
2024-08-01,425904.2,377420.6,16664.4,124506.2,3682.6,221106.6,9090.0,92.17999999999999,3.479,103.8123298,2831.982636,47.07646764,3195021.0,260815.0,286645.0,363574.0,25.549410386731715,22.640945540820013,33.800829368607516,24.20917150936011,60.15707588038567,3.3512396906056146,0.8107979630344828,12.922101448106398,64.18732817676025,42.747051933658575,44.33727308675006,50.785379401928346,57.50345570253132,26.743095911334258,67.2294685974752,57.42784394088671,45.63561652006695,42.12327580693279,64.18732817676025,67.2294685974752,57.42784394088671,50.64788762148389,62.328656269180954,56.48827194533242
2024-09-01,416657.25,381250.75,16320.0,123682.25,3754.0,221114.5,8745.0,90.85,3.847,103.6967747,2796.086728,46.4200364,3070289.0,244396.0,275222.0,363030.0,25.093447601438786,22.96106864367352,33.39356467388003,24.3911035119893,60.234479436987264,3.709855018277632,0.8103930265396965,7.91735378253858,70.1642503046272,40.46723800719393,45.67111934863967,51.17239718493632,55.80651947450012,28.25919593324417,60.55647171005144,57.2832237641773,45.239950162950365,42.032857703872146,70.1642503046272,60.55647171005144,57.2832237641773,52.477974774314575,58.91984773711437,55.69891125571447
2024-10-01,423706.0,384321.25,15870.5,115048.25,4063.75,213009.5,9067.75,88.25,3.779,104.0085635,2760.181022,47.53951985,3216838.0,253872.0,273056.0,376200.0,25.873832503350968,23.468781773159865,30.356539750389192,23.586153441570126,58.06076777193197,3.633354670839195,0.810583970824492,5.235482348650383,68.88924451398658,44.36916251675484,47.78659072149944,37.87979857457482,44.13049910853283,19.82691801962657,56.980643131533846,57.351418151604264,43.447581795524215,31.978708564079703,68.88924451398658,56.980643131533846,57.351418151604264,48.10356564422411,57.16603064156905,52.634798142896585
2024-11-01,427904.0,389274.4,16455.2,115468.4,3679.0,210784.8,8774.8,91.17999999999999,3.875,103.6433301,2751.842569,46.34443517,3113573.0,270365.0,263125.0,376065.0,26.207523798003674,23.841604897251727,30.427758764373966,23.632205686769407,59.37805820495449,3.738783765690678,0.8108454028588712,7.202580040564553,70.64639609484463,46.03761899001837,49.34002040521553,46.112863780965576,44.384852729907024,20.402571084617584,59.60344005408607,57.44478673531113,47.05091285186169,32.3937119072623,70.64639609484463,59.60344005408607,57.44478673531113,50.028576621818466,58.5241133946986,54.27634500825853
2024-12-01,418836.5,393115.25,16735.75,119704.5,3858.25,224194.25,8728.25,92.35,3.956,103.8552367,2744.072107,46.14022597,3276117.0,307156.0,284541.0,410786.0,25.624179335270174,24.05056785984404,31.18319765548681,25.393081850050116,59.47244620744105,3.8091483161580433,0.811376242195613,5.35700023579127,71.81913860263406,43.12089667635087,50.21069941601684,46.70278879650658,47.082848769595756,36.6090154170843,57.14266698105503,57.63437221271892,46.32240513429737,41.845932093340025,71.81913860263406,57.14266698105503,57.63437221271892,53.328010287438815,57.38851959688698,55.3582649421629
2025-01-01,415580.2,394515.6,15921.8,126465.8,4046.0,245424.2,8304.4,87.78,4.018,102.0058433,2742.986002,45.50734894,3232733.0,333845.0,279353.0,414951.0,25.580758118438215,24.284140913235333,32.32972454783665,28.148850759278805,60.275671202392836,3.93899003234847,0.8113078923746118,3.378501885817265,73.98316720580783,42.90379059219107,51.18392047181389,51.37835601196418,51.3738522826527,59.57375632732337,54.50466918108969,57.609961562361335,47.93019918200986,55.473804304988036,73.98316720580783,54.50466918108969,57.609961562361335,59.128691372342644,56.05731537172551,57.593003372034076
2025-02-01,431072.25,395313.0,15491.75,118701.25,4034.25,247766.0,8536.5,85.575,4.026,103.5418111,2726.667007,46.13556692,2936329.0,295207.0,274214.0,409232.0,26.689920980736638,24.47588016314653,30.40211301424684,28.85701848506069,59.10119218277073,3.888284314547787,0.8100693278869748,-4.426560157452406,73.13807190912979,48.44960490368319,51.98283401311055,44.382451142317066,44.29326076516729,65.4751540421724,47.04895989503173,57.16761710249101,48.289427508101554,54.88420740366985,73.13807190912979,47.04895989503173,57.16761710249101,58.770180304146734,52.10828849876137,55.43923440145405
2025-03-01,436402.5,396008.5,15669.75,115341.5,3805.75,239595.0,8784.25,86.6,3.691,102.3142052,2739.325403,45.15618471,3326508.0,262888.0,295246.0,457660.0,27.35249114488542,24.82070792341785,29.3037775695889,27.897675339267735,60.66334923094968,3.6075147070584874,0.8088280566330017,-6.276780409305847,68.45857845097478,51.7624557244271,53.419616347574376,53.31674615474839,40.37063417710321,57.480627827231125,45.815479727129436,56.72430594035775,52.72589104046767,48.925631002167165,68.45857845097478,45.815479727129436,56.72430594035775,56.7025890576203,51.2698928337436,53.98624094568195
2025-04-01,442179.25,397434.5,15789.5,108751.5,3829.25,231269.75,8849.75,87.425,3.942,103.594175,2744.008587,45.99001929,3205791.0,236062.0,276877.0,448242.0,28.131672201651586,25.284988102963442,27.680501423776267,26.833406333303365,59.66530628519769,3.8052332575649164,0.8058300443648306,-2.9473249645030553,71.75388762608193,55.65836100825793,55.35411709568101,47.908164282485544,34.57321937062952,48.61171944419471,48.03511669033129,55.65358727315379,53.24202881675314,41.59246940741212,71.75388762608193,48.03511669033129,55.65358727315379,55.52806825082813,51.84435198174254,53.68621011628534
2025-05-01,439957.2,400480.0,16457.6,105087.8,3550.8,225467.4,8774.0,90.7,3.751,103.511729,2791.182134,45.2242931,3301713.0,240262.0,300380.0,435298.0,27.753787341149312,25.26345006828727,27.618253553700548,25.80862796720514,61.718645946065664,3.6237439334048798,0.8044075850216256,2.5145292495303755,68.729065556748,53.76893670574656,55.26437528453029,58.59322973032832,34.35090554893053,40.0718997267095,53.3527056660405,55.14556607915198,55.66485618675621,37.211402637820015,68.729065556748,53.3527056660405,55.14556607915198,53.86677575655914,54.24913587259624,54.057955814577696
2025-06-01,421853.5,402409.75,17045.0,106809.0,3739.75,229970.25,9199.25,94.275,3.047,105.7560459,2777.138413,46.80150947,3224554.0,246233.0,285751.0,406036.0,25.9754609820995,24.77821983210146,28.62447279999732,25.834092776049822,59.3386504933171,2.8811591564998174,0.8035105130154359,5.188946427398861,56.35265260833029,44.87730491049749,53.24258263375608,45.86656558323185,37.944545714276146,40.28410646708185,56.918595236531814,54.82518321979851,47.68366642929537,39.114326090679,56.35265260833029,56.918595236531814,54.82518321979851,47.71602145387301,55.87188922816516,51.793955341019085
2025-07-01,423466.75,402737.5,16925.5,108301.0,3509.75,230467.25,8941.75,94.875,3.484,105.4183178,2809.505501,46.99892224,3347972.0,257570.0,283874.0,436840.0,25.5803139950708,24.32812424491374,29.611573835148725,25.775910638268126,59.77808356228383,3.3049284723076844,0.8013209058964197,4.608857139990412,63.41547453846141,42.90156997535399,51.367184353807254,48.61302226427395,41.46990655410259,39.799255318901054,56.14514285332055,54.04318067729274,47.154689975565965,40.63458093650182,63.41547453846141,56.14514285332055,54.04318067729274,50.40060511675503,55.094161765306644,52.747383441030834
2025-08-01,422008.6,403702.8,17052.2,114569.8,3859.4,223563.0,9047.8,95.76,3.555,104.4852306,2853.672525,46.4469852,3368106.0,237524.0,310471.0,451139.0,25.015217774669054,23.930112936664482,31.261158141026076,24.86602822917014,61.439348812676,3.402394749559944,0.7993683093031144,3.7818181432002005,65.03991249266574,40.07608887334527,49.70880390276868,57.19674406338001,47.36127907509313,32.21690190975117,55.0424241909336,53.34582475111228,48.102099939182715,39.78909049242215,65.03991249266574,55.0424241909336,53.34582475111228,50.97591551370863,54.194124471022945,52.58501999236579
2025-09-01,417826.75,405902.5,16471.5,122974.5,3588.25,218727.5,8698.75,93.15,2.568,105.8504522,2857.871844,47.02880975,3247818.0,222477.0,277170.0,451755.0,24.76223142136657,24.055548476758,33.46893785529847,24.3792067165354,60.7685344194789,2.4260642695676644,0.7979514704343478,3.321907033039069,48.76773782612774,38.81115710683286,50.23145198649166,53.842672097394484,56.120574397076965,28.160055971128333,54.429209377385426,52.83981086940991,46.746700067898985,42.14031518410265,48.76773782612774,54.429209377385426,52.83981086940991,45.88454323245893,53.63451012339767,49.7595266779283
2025-10-01,420800.8,408397.2,15526.4,115575.0,3943.2,214269.0,8725.2,87.86,2.995,104.439271,2819.370078,46.75052276,3327262.0,232356.0,280018.0,503475.0,25.512510685768675,24.7604993361182,31.025596284713366,24.201956880850524,60.306706996060974,2.86769523697652,0.7951863787523079,2.926387219196741,56.12825394960867,42.56255342884337,53.16874723382584,51.53353498030487,46.51998673111916,26.6829740070877,53.90184962559565,51.85227812582424,48.43570603577656,36.60148036910343,56.12825394960867,53.90184962559565,51.85227812582424,47.054101418187976,52.87706387570995,49.96558264694896
2025-11-01,426542.0,411104.25,16381.0,112125.5,3673.0,209195.25,8652.0,91.45,3.075,104.2498549,2830.670134,45.50668275,3308309.0,264082.0,281528.0,525089.0,26.075795760731516,25.132039656982688,29.773397902926543,23.82379444108331,62.20339437947715,2.9496443932220764,0.7921363623471591,3.6339090012538566,57.49407322036794,45.37897880365758,54.71683190409453,61.016971897385766,42.047849653309086,22.797430513541393,54.84521200167181,50.76298655255682,52.87173266190712,32.422640083425236,57.49407322036794,54.84521200167181,50.76298655255682,47.59463130437625,52.80409927711432,50.199365290745284
2025-12-01,424454.5,412570.75,16867.75,119417.25,3869.75,227317.25,8759.75,94.65,2.995,106.1955213,2829.027148,46.81908387,3460487.0,321054.0,311443.0,569267.0,26.02153520525575,25.292992053998173,31.687850764883045,26.101642854887373,60.424658369121566,2.82026959643542,0.7887390955781141,1.227516763829755,55.337826607257,45.10767602627874,55.38746689165905,52.12329184560783,48.88518130315373,42.51369045739478,51.636689018439675,49.54967699218358,50.29629803169156,45.69943588027425,55.337826607257,51.636689018439675,49.54967699218358,50.44404566464499,50.59318300531163,50.51861433497831
2026-01-01,422321.0,414367.6,16541.8,130279.6,3838.8,253030.0,8243.6,92.94,2.955,102.4833816,2802.479947,45.69029348,3371505.0,328655.0,294289.0,539203.0,25.862873266433905,25.375808270288186,34.00501802639521,29.438737891045953,61.33644005212461,2.8833943160985624,0.7861324369301307,4.785611899996647,56.38990526830938,44.31436633216953,55.73253445953411,56.68220026062304,58.35424177664672,70.32281575871627,56.380815866662196,48.61872747504666,51.450166948914955,64.3385287676815,56.38990526830938,56.380815866662196,48.61872747504666,57.39356156114588,52.49977167085443,54.94666661600016
2026-02-01,430931.75,415383.75,15894.75,121473.75,4198.75,255716.75,8518.5,89.55,2.215,104.4800768,2824.443653,46.78983461,3098632.0,273595.0,290083.0,493596.0,26.242203354479617,25.2953857255733,31.186498334435154,29.931277863044404,60.36447182474877,2.1200214125416874,0.7844901649828272,-0.8428512927128498,43.66702354236146,46.21101677239808,55.39744052322209,51.822359123743844,47.09463690869698,74.42731552537003,49.43809913819143,48.03220177958113,50.650346603049016,60.7609762170335,43.66702354236146,49.43809913819143,48.03220177958113,51.69368894022428,48.73515045888628,50.21441969955528
2026-03-01,452545.75,415347.5,16344.5,118524.0,4017.75,243956.0,8894.75,91.8,0.01,102.1408373,2798.248366,45.35636461,3432813.0,238532.0,317185.0,573089.0,27.573740875690035,25.307240954899402,29.77045597973005,28.35329463107919,61.69472333289808,0.009790403392355977,0.7816928344310581,0.5418372069311328,0.24476008480889944,52.868704378450175,55.446837312080845,58.47361666449039,42.03734278475017,61.27745525899326,50.72244960924151,47.03315515394931,55.32361794435144,51.65739902187171,0.24476008480889944,50.72244960924151,47.03315515394931,35.74351723101117,48.87780238159541,42.31065980630329
2026-04-01,463436.25,406368.75,16087.5,109502.5,4011.25,230722.25,8952.75,90.07499999999999,-0.04,99.61901003,2747.027818,44.59163322,3330684.0,216503.0,269875.0,537936.0,28.576945222299557,25.057982643361072,27.26223115728019,26.66569391151588,61.60410865525145,-0.04015297882196792,0.7803012576279121,3.5190264146500745,0.0,57.884726111497784,54.40826101400447,58.02054327625726,33.0793969902864,47.214115929299005,54.69203521953343,46.536163438540044,56.88253173167763,40.1467564597927,0.0,54.69203521953343,46.536163438540044,32.34387642986304,50.61409932903673,41.47898787944989
2026-05-01,446093.8,374640.2,16519.8,102176.8,3551.6,215243.0,8836.8,92.52000000000001,0.05,99.16822417,2767.841244,43.6836228,3425339.0,223386.0,314054.0,502812.0,27.51688717441406,23.109337351023303,25.901396445354212,24.457486336314155,63.36107370655165,0.05041937618474145,0.7789587495984229,4.5672542436363255,1.2604844046185364,52.584435872070294,46.288905629263766,66.80536853275825,28.219273019122188,28.81238613595129,56.089672324848436,46.056696285151034,54.962056597434724,28.51582957753674,1.2604844046185364,56.089672324848436,46.056696285151034,28.246150497135098,51.073184304999735,39.659667401067416
2026-06-01,416300.0,336572.25,17115.25,104967.0,3667.5,214910.25,8962.25,96.175,0.02,102.0468842,2735.158866,45.7982163,3369502.0,226817.0,303057.0,521059.0,25.204697349132434,20.377616376090653,27.535758553524705,24.115685809706687,59.72195179138451,0.019598834552167543,0.7765340133704358,5.135360677210879,0.4899708638041886,41.02348674566217,34.90673490037772,48.262198696153206,34.05628054830252,25.96404841422239,56.847147569614506,45.190719060869924,41.36007477722414,30.010164481262454,0.4899708638041886,56.847147569614506,45.190719060869924,23.954009050207645,51.018933315242215,37.48647118272493
2026-07-01,408838.4,311979.8,17140.2,107831.0,3729.2,210968.8,8941.6,96.36,0.02,101.8181314,2735.815881,45.98913207,3369502.0,226817.0,303057.0,521059.0,24.458365831498107,18.663892825227798,28.832685475164695,23.64233163554046,59.48831295263016,0.0196428668695839,0.774088309991636,5.913088603956081,0.4910716717395975,37.29182915749053,27.766220105115824,46.8019559539385,38.688162411302486,20.529145444255768,57.88411813860811,44.31725356844143,37.28718448071251,29.608653927779127,0.4910716717395975,57.88411813860811,44.31725356844143,22.463017995133846,51.100685853524766,36.7818519243293
2026-08-01,426648.75,292112.5,17365.75,105086.5,3660.0,207644.75,8904.5,97.2,0.02,101.8181314,2735.815881,45.98913207,3369502.0,226817.0,303057.0,521059.0,25.045053638778416,17.147532322683848,28.77446383220498,23.301318692725378,59.48831295263016,0.0196428668695839,0.7725896832668692,5.515206520602118,0.4910716717395975,40.22526819389208,21.448051344516035,46.8019559539385,38.48022797216064,16.26648365906722,57.353608694136156,43.78202973816755,36.565109467093194,27.37335581561393,0.4910716717395975,57.353608694136156,43.78202973816755,21.477102002498654,50.567819216151854,36.02246060932525
2026-09-01,424632.0,284956.3333333333,17242.333333333332,107188.0,3718.0,206905.33333333334,8732.0,96.2,0.02,101.8181314,2735.815881,45.98913207,3369502.0,226817.0,303057.0,521059.0,24.665129972031643,16.551943796087528,29.019337110059762,23.286808749304196,59.48831295263016,0.0196428668695839,0.7710509645692829,3.6811497927277443,0.4910716717395975,38.325649860158215,18.966432483698036,46.8019559539385,39.35477539307058,16.085109366302454,54.90819972363699,43.23248734617246,35.060776475354245,27.71994237968652,0.4910716717395975,54.90819972363699,43.23248734617246,21.091259776813864,49.07034353490472,35.08080165585929
